Date,Open,High,Low,Close
2015/1/2,2058.899902,2072.360107,2046.040039,2058.199951
2015/1/5,2054.439941,2054.439941,2017.339966,2020.579956
2015/1/6,2022.150024,2030.25,1992.439941,2002.609985
2015/1/7,2005.550049,2029.609985,2005.550049,2025.900024
2015/1/8,2030.609985,2064.080078,2030.609985,2062.139893
2015/1/9,2063.449951,2064.429932,2038.329956,2044.810059
2015/1/12,2046.130005,2049.300049,2022.579956,2028.26001
2015/1/13,2031.579956,2056.929932,2008.25,2023.030029
2015/1/14,2018.400024,2018.400024,1988.439941,2011.27002
2015/1/15,2013.75,2021.349976,1991.469971,1992.670044
2015/1/16,1992.25,2020.459961,1988.119995,2019.420044
2015/1/20,2020.76001,2028.939941,2004.48999,2022.550049
2015/1/21,2020.189941,2038.290039,2012.040039,2032.119995
2015/1/22,2034.300049,2064.620117,2026.380005,2063.149902
2015/1/23,2062.97998,2062.97998,2050.540039,2051.820068
2015/1/26,2050.419922,2057.620117,2040.969971,2057.090088
2015/1/27,2047.859985,2047.859985,2019.910034,2029.550049
2015/1/28,2032.339966,2042.48999,2001.48999,2002.160034
2015/1/29,2002.449951,2024.640015,1989.180054,2021.25
2015/1/30,2019.349976,2023.319946,1993.380005,1994.98999
2015/2/2,1996.670044,2021.660034,1980.900024,2020.849976
2015/2/3,2022.709961,2050.300049,2022.709961,2050.030029
2015/2/4,2048.860107,2054.73999,2036.719971,2041.51001
2015/2/5,2043.449951,2063.550049,2043.449951,2062.52002
2015/2/6,2062.280029,2072.399902,2049.969971,2055.469971
2015/2/9,2053.469971,2056.159912,2041.880005,2046.73999
2015/2/10,2049.379883,2070.860107,2048.620117,2068.590088
2015/2/11,2068.550049,2073.47998,2057.98999,2068.530029
2015/2/12,2069.97998,2088.530029,2069.97998,2088.47998
2015/2/13,2088.780029,2097.030029,2086.699951,2096.98999
2015/2/17,2096.469971,2101.300049,2089.800049,2100.340088
2015/2/18,2099.159912,2100.22998,2092.149902,2099.679932
2015/2/19,2099.25,2102.129883,2090.790039,2097.449951
2015/2/20,2097.649902,2110.610107,2085.439941,2110.300049
2015/2/23,2109.830078,2110.050049,2103,2109.659912
2015/2/24,2109.100098,2117.939941,2105.870117,2115.47998
2015/2/25,2115.300049,2119.590088,2109.889893,2113.860107
2015/2/26,2113.909912,2113.909912,2103.76001,2110.73999
2015/2/27,2110.879883,2112.73999,2103.75,2104.5
2015/3/2,2105.22998,2117.52002,2104.5,2117.389893
2015/3/3,2115.76001,2115.76001,2098.26001,2107.780029
2015/3/4,2107.719971,2107.719971,2094.48999,2098.530029
2015/3/5,2098.540039,2104.25,2095.219971,2101.040039
2015/3/6,2100.909912,2100.909912,2067.27002,2071.26001
2015/3/9,2072.25,2083.48999,2072.209961,2079.429932
2015/3/10,2076.139893,2076.139893,2044.160034,2044.160034
2015/3/11,2044.689941,2050.080078,2039.689941,2040.23999
2015/3/12,2041.099976,2066.409912,2041.099976,2065.949951
2015/3/13,2064.560059,2064.560059,2041.170044,2053.399902
2015/3/16,2055.350098,2081.409912,2055.350098,2081.189941
2015/3/17,2080.590088,2080.590088,2065.080078,2074.280029
2015/3/18,2072.840088,2106.850098,2061.22998,2099.5
2015/3/19,2098.689941,2098.689941,2085.560059,2089.27002
2015/3/20,2090.320068,2113.919922,2090.320068,2108.100098
2015/3/23,2107.98999,2114.860107,2104.419922,2104.419922
2015/3/24,2103.939941,2107.629883,2091.5,2091.5
2015/3/25,2093.100098,2097.429932,2061.050049,2061.050049
2015/3/26,2059.939941,2067.149902,2045.5,2056.149902
2015/3/27,2055.780029,2062.830078,2052.959961,2061.02002
2015/3/30,2064.110107,2088.969971,2064.110107,2086.23999
2015/3/31,2084.050049,2084.050049,2067.040039,2067.889893
2015/4/1,2067.629883,2067.629883,2048.379883,2059.689941
2015/4/2,2060.030029,2072.169922,2057.320068,2066.959961
2015/4/6,2064.870117,2086.98999,2056.52002,2080.620117
2015/4/7,2080.790039,2089.810059,2076.100098,2076.330078
2015/4/8,2076.939941,2086.689941,2073.300049,2081.899902
2015/4/9,2081.290039,2093.310059,2074.290039,2091.179932
2015/4/10,2091.51001,2102.610107,2091.51001,2102.060059
2015/4/13,2102.030029,2107.649902,2092.330078,2092.429932
2015/4/14,2092.280029,2098.620117,2083.23999,2095.840088
2015/4/15,2097.820068,2111.909912,2097.820068,2106.629883
2015/4/16,2105.959961,2111.300049,2100.02002,2104.98999
2015/4/17,2102.580078,2102.580078,2072.370117,2081.179932
2015/4/20,2084.110107,2103.939941,2084.110107,2100.399902
2015/4/21,2102.820068,2109.639893,2094.379883,2097.290039
2015/4/22,2098.27002,2109.97998,2091.050049,2107.959961
2015/4/23,2107.209961,2120.48999,2103.189941,2112.929932
2015/4/24,2112.800049,2120.919922,2112.800049,2117.689941
2015/4/27,2119.290039,2125.919922,2107.040039,2108.919922
2015/4/28,2108.350098,2116.040039,2094.889893,2114.76001
2015/4/29,2112.48999,2113.649902,2097.409912,2106.850098
2015/4/30,2105.52002,2105.52002,2077.590088,2085.51001
2015/5/1,2087.379883,2108.409912,2087.379883,2108.290039
2015/5/4,2110.22998,2120.949951,2110.22998,2114.48999
2015/5/5,2112.629883,2115.23999,2088.459961,2089.459961
2015/5/6,2091.26001,2098.419922,2067.929932,2080.149902
2015/5/7,2079.959961,2092.899902,2074.98999,2088
2015/5/8,2092.129883,2117.659912,2092.129883,2116.100098
2015/5/11,2115.560059,2117.689941,2104.580078,2105.330078
2015/5/12,2102.870117,2105.060059,2085.570068,2099.120117
2015/5/13,2099.620117,2110.189941,2096.040039,2098.47998
2015/5/14,2100.429932,2121.449951,2100.429932,2121.100098
2015/5/15,2122.070068,2123.889893,2116.810059,2122.72998
2015/5/18,2121.300049,2131.780029,2120.01001,2129.199951
2015/5/19,2129.449951,2133.02002,2124.5,2127.830078
2015/5/20,2127.790039,2134.719971,2122.590088,2125.850098
2015/5/21,2125.550049,2134.280029,2122.949951,2130.820068
2015/5/22,2130.360107,2132.149902,2126.060059,2126.060059
2015/5/26,2125.340088,2125.340088,2099.179932,2104.199951
2015/5/27,2105.129883,2126.219971,2105.129883,2123.47998
2015/5/28,2122.27002,2122.27002,2112.860107,2120.790039
2015/5/29,2120.659912,2120.659912,2104.889893,2107.389893
2015/6/1,2108.639893,2119.149902,2102.540039,2111.72998
2015/6/2,2110.409912,2117.590088,2099.139893,2109.600098
2015/6/3,2110.639893,2121.919922,2109.610107,2114.070068
2015/6/4,2112.350098,2112.889893,2093.22998,2095.840088
2015/6/5,2095.090088,2100.98999,2085.669922,2092.830078
2015/6/8,2092.340088,2093.01001,2079.110107,2079.280029
2015/6/9,2079.070068,2085.620117,2072.139893,2080.149902
2015/6/10,2081.120117,2108.5,2081.120117,2105.199951
2015/6/11,2106.23999,2115.02002,2106.23999,2108.860107
2015/6/12,2107.429932,2107.429932,2091.330078,2094.110107
2015/6/15,2091.340088,2091.340088,2072.48999,2084.429932
2015/6/16,2084.26001,2097.399902,2082.100098,2096.290039
2015/6/17,2097.399902,2106.790039,2088.860107,2100.439941
2015/6/18,2101.580078,2126.649902,2101.580078,2121.23999
2015/6/19,2121.060059,2121.639893,2109.449951,2109.98999
2015/6/22,2112.5,2129.870117,2112.5,2122.850098
2015/6/23,2123.159912,2128.030029,2119.889893,2124.199951
2015/6/24,2123.649902,2125.100098,2108.580078,2108.580078
2015/6/25,2109.959961,2116.040039,2101.780029,2102.310059
2015/6/26,2102.620117,2108.919922,2095.379883,2101.48999
2015/6/29,2098.629883,2098.629883,2056.639893,2057.639893
2015/6/30,2061.189941,2074.280029,2056.320068,2063.110107
2015/7/1,2067,2082.780029,2067,2077.419922
2015/7/2,2078.030029,2085.060059,2071.02002,2076.780029
2015/7/6,2073.949951,2078.610107,2058.399902,2068.76001
2015/7/7,2069.52002,2083.73999,2044.02002,2081.340088
2015/7/8,2077.659912,2077.659912,2044.660034,2046.680054
2015/7/9,2049.72998,2074.280029,2049.72998,2051.310059
2015/7/10,2052.73999,2081.310059,2052.73999,2076.620117
2015/7/13,2080.030029,2100.669922,2080.030029,2099.600098
2015/7/14,2099.719971,2111.97998,2098.179932,2108.949951
2015/7/15,2109.01001,2114.139893,2102.48999,2107.399902
2015/7/16,2110.550049,2124.419922,2110.550049,2124.290039
2015/7/17,2126.800049,2128.909912,2119.879883,2126.639893
2015/7/20,2126.850098,2132.820068,2123.659912,2128.280029
2015/7/21,2127.550049,2128.48999,2115.399902,2119.209961
2015/7/22,2118.209961,2118.51001,2110,2114.149902
2015/7/23,2114.159912,2116.870117,2098.629883,2102.149902
2015/7/24,2102.23999,2106.01001,2077.090088,2079.649902
2015/7/27,2078.189941,2078.189941,2063.52002,2067.639893
2015/7/28,2070.75,2095.600098,2069.090088,2093.25
2015/7/29,2094.699951,2110.600098,2094.080078,2108.570068
2015/7/30,2106.780029,2110.47998,2094.969971,2108.629883
2015/7/31,2111.600098,2114.23999,2102.070068,2103.840088
2015/8/3,2104.48999,2105.699951,2087.310059,2098.040039
2015/8/4,2097.679932,2102.51001,2088.600098,2093.320068
2015/8/5,2095.27002,2112.659912,2095.27002,2099.840088
2015/8/6,2100.75,2103.320068,2075.530029,2083.560059
2015/8/7,2082.610107,2082.610107,2067.909912,2077.570068
2015/8/10,2080.97998,2105.350098,2080.97998,2104.179932
2015/8/11,2102.659912,2102.659912,2076.48999,2084.070068
2015/8/12,2081.100098,2089.060059,2052.090088,2086.050049
2015/8/13,2086.189941,2092.929932,2078.26001,2083.389893
2015/8/14,2083.149902,2092.449951,2080.610107,2091.540039
2015/8/17,2089.699951,2102.870117,2079.300049,2102.439941
2015/8/18,2101.98999,2103.469971,2094.139893,2096.919922
2015/8/19,2095.689941,2096.169922,2070.530029,2079.610107
2015/8/20,2076.610107,2076.610107,2035.72998,2035.72998
2015/8/21,2034.079956,2034.079956,1970.890015,1970.890015
2015/8/24,1965.150024,1965.150024,1867.01001,1893.209961
2015/8/25,1898.079956,1948.040039,1867.079956,1867.609985
2015/8/26,1872.75,1943.089966,1872.75,1940.51001
2015/8/27,1942.77002,1989.599976,1942.77002,1987.660034
2015/8/28,1986.060059,1993.47998,1975.189941,1988.869995
2015/8/31,1986.72998,1986.72998,1965.97998,1972.180054
2015/9/1,1970.089966,1970.089966,1903.069946,1913.849976
2015/9/2,1916.52002,1948.910034,1916.52002,1948.859985
2015/9/3,1950.790039,1975.01001,1944.719971,1951.130005
2015/9/4,1947.76001,1947.76001,1911.209961,1921.219971
2015/9/8,1927.300049,1970.420044,1927.300049,1969.410034
2015/9/9,1971.449951,1988.630005,1937.880005,1942.040039
2015/9/10,1941.589966,1965.290039,1937.189941,1952.290039
2015/9/11,1951.449951,1961.050049,1939.189941,1961.050049
2015/9/14,1963.060059,1963.060059,1948.27002,1953.030029
2015/9/15,1955.099976,1983.189941,1954.300049,1978.089966
2015/9/16,1978.02002,1997.26001,1977.930054,1995.310059
2015/9/17,1995.329956,2020.859985,1986.72998,1990.199951
2015/9/18,1989.660034,1989.660034,1953.449951,1958.030029
2015/9/21,1960.839966,1979.640015,1955.800049,1966.969971
2015/9/22,1961.390015,1961.390015,1929.219971,1942.73999
2015/9/23,1943.23999,1949.52002,1932.569946,1938.76001
2015/9/24,1934.810059,1937.170044,1908.920044,1932.23999
2015/9/25,1935.930054,1952.890015,1921.5,1931.339966
2015/9/28,1929.180054,1929.180054,1879.209961,1881.77002
2015/9/29,1881.900024,1899.47998,1871.910034,1884.089966
2015/9/30,1887.140015,1920.530029,1887.140015,1920.030029
2015/10/1,1919.650024,1927.209961,1900.699951,1923.819946
2015/10/2,1921.77002,1951.359985,1893.699951,1951.359985
2015/10/5,1954.329956,1989.170044,1954.329956,1987.050049
2015/10/6,1986.630005,1991.619995,1971.98999,1979.920044
2015/10/7,1982.339966,1999.310059,1976.439941,1995.829956
2015/10/8,1994.01001,2016.5,1987.530029,2013.430054
2015/10/9,2013.72998,2020.130005,2007.609985,2014.890015
2015/10/12,2015.650024,2018.660034,2010.550049,2017.459961
2015/10/13,2015,2022.339966,2001.780029,2003.689941
2015/10/14,2003.660034,2009.560059,1990.72998,1994.23999
2015/10/15,1996.469971,2024.150024,1996.469971,2023.859985
2015/10/16,2024.369995,2033.540039,2020.459961,2033.109985
2015/10/19,2031.72998,2034.449951,2022.310059,2033.660034
2015/10/20,2033.130005,2039.119995,2026.609985,2030.77002
2015/10/21,2033.469971,2037.969971,2017.219971,2018.939941
2015/10/22,2021.880005,2055.199951,2021.880005,2052.51001
2015/10/23,2058.189941,2079.73999,2058.189941,2075.149902
2015/10/26,2075.080078,2075.139893,2066.530029,2071.179932
2015/10/27,2068.75,2070.370117,2058.840088,2065.889893
2015/10/28,2066.47998,2090.350098,2063.110107,2090.350098
2015/10/29,2088.350098,2092.52002,2082.629883,2089.409912
2015/10/30,2090,2094.320068,2079.340088,2079.360107
2015/11/2,2080.76001,2106.199951,2080.76001,2104.050049
2015/11/3,2102.629883,2116.47998,2097.51001,2109.790039
2015/11/4,2110.600098,2114.590088,2096.97998,2102.310059
2015/11/5,2101.679932,2108.780029,2090.409912,2099.929932
2015/11/6,2098.600098,2101.909912,2083.73999,2099.199951
2015/11/9,2096.560059,2096.560059,2068.23999,2078.580078
2015/11/10,2077.189941,2083.669922,2069.909912,2081.719971
2015/11/11,2083.409912,2086.939941,2074.850098,2075
2015/11/12,2072.290039,2072.290039,2045.660034,2045.969971
2015/11/13,2044.640015,2044.640015,2022.02002,2023.040039
2015/11/16,2022.079956,2053.219971,2019.390015,2053.189941
2015/11/17,2053.669922,2066.689941,2045.900024,2050.439941
2015/11/18,2051.98999,2085.310059,2051.98999,2083.580078
2015/11/19,2083.699951,2086.73999,2078.76001,2081.23999
2015/11/20,2082.820068,2097.060059,2082.820068,2089.169922
2015/11/23,2089.409912,2095.610107,2081.389893,2086.590088
2015/11/24,2084.419922,2094.120117,2070.290039,2089.139893
2015/11/25,2089.300049,2093,2086.300049,2088.870117
2015/11/27,2088.820068,2093.290039,2084.129883,2090.110107
2015/11/30,2090.949951,2093.810059,2080.409912,2080.409912
2015/12/1,2082.929932,2103.370117,2082.929932,2102.629883
2015/12/2,2101.709961,2104.27002,2077.110107,2079.51001
2015/12/3,2080.709961,2085,2042.349976,2049.620117
2015/12/4,2051.23999,2093.840088,2051.23999,2091.689941
2015/12/7,2090.419922,2090.419922,2066.780029,2077.070068
2015/12/8,2073.389893,2073.850098,2052.320068,2063.590088
2015/12/9,2061.169922,2080.330078,2036.530029,2047.619995
2015/12/10,2047.930054,2067.649902,2045.670044,2052.22998
2015/12/11,2047.27002,2047.27002,2008.800049,2012.369995
2015/12/14,2013.369995,2022.920044,1993.26001,2021.939941
2015/12/15,2025.550049,2053.870117,2025.550049,2043.410034
2015/12/16,2046.5,2076.719971,2042.430054,2073.070068
2015/12/17,2073.76001,2076.370117,2041.660034,2041.890015
2015/12/18,2040.810059,2040.810059,2005.329956,2005.550049
2015/12/21,2010.27002,2022.900024,2005.930054,2021.150024
2015/12/22,2023.150024,2042.73999,2020.48999,2038.969971
2015/12/23,2042.199951,2064.72998,2042.199951,2064.290039
2015/12/24,2063.52002,2067.360107,2058.72998,2060.98999
2015/12/28,2057.77002,2057.77002,2044.199951,2056.5
2015/12/29,2060.540039,2081.560059,2060.540039,2078.360107
2015/12/30,2077.340088,2077.340088,2061.969971,2063.360107
2015/12/31,2060.590088,2062.540039,2043.619995,2043.939941
2016/1/4,2038.199951,2038.199951,1989.680054,2012.660034
2016/1/5,2013.780029,2021.939941,2004.170044,2016.709961
2016/1/6,2011.709961,2011.709961,1979.050049,1990.26001
2016/1/7,1985.319946,1985.319946,1938.829956,1943.089966
2016/1/8,1945.969971,1960.400024,1918.459961,1922.030029
2016/1/11,1926.119995,1935.650024,1901.099976,1923.670044
2016/1/12,1927.829956,1947.380005,1914.349976,1938.680054
2016/1/13,1940.339966,1950.329956,1886.410034,1890.280029
2016/1/14,1891.680054,1934.469971,1878.930054,1921.839966
2016/1/15,1916.680054,1916.680054,1857.829956,1880.329956
2016/1/19,1888.660034,1901.439941,1864.599976,1881.329956
2016/1/20,1876.180054,1876.180054,1812.290039,1859.329956
2016/1/21,1861.459961,1889.849976,1848.97998,1868.98999
2016/1/22,1877.400024,1908.849976,1877.400024,1906.900024
2016/1/25,1906.280029,1906.280029,1875.969971,1877.079956
2016/1/26,1878.790039,1906.72998,1878.790039,1903.630005
2016/1/27,1902.52002,1916.98999,1872.699951,1882.949951
2016/1/28,1885.219971,1902.959961,1873.650024,1893.359985
2016/1/29,1894,1940.23999,1894,1940.23999
2016/2/1,1936.939941,1947.199951,1920.300049,1939.380005
2016/2/2,1935.26001,1935.26001,1897.290039,1903.030029
2016/2/3,1907.069946,1918.01001,1872.22998,1912.530029
2016/2/4,1911.670044,1927.349976,1900.52002,1915.449951
2016/2/5,1913.069946,1913.069946,1872.650024,1880.050049
2016/2/8,1873.25,1873.25,1828.459961,1853.439941
2016/2/9,1848.459961,1868.25,1834.939941,1852.209961
2016/2/10,1857.099976,1881.599976,1850.319946,1851.859985
2016/2/11,1847,1847,1810.099976,1829.079956
2016/2/12,1833.400024,1864.780029,1833.400024,1864.780029
2016/2/16,1871.439941,1895.77002,1871.439941,1895.579956
2016/2/17,1898.800049,1930.680054,1898.800049,1926.819946
2016/2/18,1927.569946,1930,1915.089966,1917.829956
2016/2/19,1916.73999,1918.780029,1902.170044,1917.780029
2016/2/22,1924.439941,1946.699951,1924.439941,1945.5
2016/2/23,1942.380005,1942.380005,1919.439941,1921.27002
2016/2/24,1917.560059,1932.079956,1891,1929.800049
2016/2/25,1931.869995,1951.829956,1925.410034,1951.699951
2016/2/26,1954.949951,1962.959961,1945.780029,1948.050049
2016/2/29,1947.130005,1958.27002,1931.810059,1932.22998
2016/3/1,1937.089966,1978.349976,1937.089966,1978.349976
2016/3/2,1976.599976,1986.51001,1968.800049,1986.449951
2016/3/3,1985.599976,1993.689941,1977.369995,1993.400024
2016/3/4,1994.01001,2009.130005,1986.77002,1999.98999
2016/3/7,1996.109985,2006.119995,1989.380005,2001.76001
2016/3/8,1996.880005,1996.880005,1977.430054,1979.26001
2016/3/9,1981.439941,1992.689941,1979.839966,1989.26001
2016/3/10,1990.969971,2005.079956,1969.25,1989.569946
2016/3/11,1994.709961,2022.369995,1994.709961,2022.189941
2016/3/14,2019.27002,2024.569946,2012.050049,2019.640015
2016/3/15,2015.27002,2015.939941,2005.22998,2015.930054
2016/3/16,2014.23999,2032.02002,2010.040039,2027.219971
2016/3/17,2026.900024,2046.23999,2022.160034,2040.589966
2016/3/18,2041.160034,2052.360107,2041.160034,2049.580078
2016/3/21,2047.880005,2053.909912,2043.140015,2051.600098
2016/3/22,2048.639893,2056.600098,2040.569946,2049.800049
2016/3/23,2048.550049,2048.550049,2034.859985,2036.709961
2016/3/24,2032.47998,2036.040039,2022.48999,2035.939941
2016/3/28,2037.890015,2042.670044,2031.959961,2037.050049
2016/3/29,2035.75,2055.909912,2028.310059,2055.01001
2016/3/30,2058.27002,2072.209961,2058.27002,2063.949951
2016/3/31,2063.77002,2067.919922,2057.459961,2059.73999
2016/4/1,2056.620117,2075.070068,2043.97998,2072.780029
2016/4/4,2073.189941,2074.02002,2062.570068,2066.129883
2016/4/5,2062.5,2062.5,2042.560059,2045.170044
2016/4/6,2045.560059,2067.330078,2043.089966,2066.659912
2016/4/7,2063.01001,2063.01001,2033.800049,2041.910034
2016/4/8,2045.540039,2060.629883,2041.689941,2047.599976
2016/4/11,2050.22998,2062.929932,2041.880005,2041.98999
2016/4/12,2043.719971,2065.050049,2039.73999,2061.719971
2016/4/13,2065.919922,2083.179932,2065.919922,2082.419922
2016/4/14,2082.889893,2087.840088,2078.129883,2082.780029
2016/4/15,2083.100098,2083.219971,2076.310059,2080.72998
2016/4/18,2078.830078,2094.659912,2073.649902,2094.340088
2016/4/19,2096.050049,2104.050049,2091.679932,2100.800049
2016/4/20,2101.52002,2111.050049,2096.320068,2102.399902
2016/4/21,2102.090088,2103.780029,2088.52002,2091.47998
2016/4/22,2091.48999,2094.320068,2081.199951,2091.580078
2016/4/25,2089.370117,2089.370117,2077.52002,2087.790039
2016/4/26,2089.840088,2096.870117,2085.800049,2091.699951
2016/4/27,2092.330078,2099.889893,2082.310059,2095.149902
2016/4/28,2090.929932,2099.300049,2071.620117,2075.810059
2016/4/29,2071.820068,2073.850098,2052.280029,2065.300049
2016/5/2,2067.169922,2083.419922,2066.110107,2081.429932
2016/5/3,2077.179932,2077.179932,2054.889893,2063.370117
2016/5/4,2060.300049,2060.300049,2045.550049,2051.120117
2016/5/5,2052.949951,2060.22998,2045.77002,2050.629883
2016/5/6,2047.77002,2057.719971,2039.449951,2057.139893
2016/5/9,2057.550049,2064.149902,2054.310059,2058.689941
2016/5/10,2062.629883,2084.870117,2062.629883,2084.389893
2016/5/11,2083.290039,2083.290039,2064.459961,2064.459961
2016/5/12,2067.169922,2073.98999,2053.129883,2064.110107
2016/5/13,2062.5,2066.790039,2043.130005,2046.609985
2016/5/16,2046.530029,2071.879883,2046.530029,2066.659912
2016/5/17,2065.040039,2065.689941,2040.819946,2047.209961
2016/5/18,2044.380005,2060.610107,2034.48999,2047.630005
2016/5/19,2044.209961,2044.209961,2025.910034,2040.040039
2016/5/20,2041.880005,2058.350098,2041.880005,2052.320068
2016/5/23,2052.22998,2055.580078,2047.26001,2048.040039
2016/5/24,2052.649902,2079.669922,2052.649902,2076.060059
2016/5/25,2078.929932,2094.72998,2078.929932,2090.540039
2016/5/26,2091.439941,2094.300049,2087.080078,2090.100098
2016/5/27,2090.060059,2099.060059,2090.060059,2099.060059
2016/5/31,2100.129883,2103.47998,2088.659912,2096.949951
2016/6/1,2093.939941,2100.969971,2085.100098,2099.330078
2016/6/2,2097.709961,2105.26001,2088.590088,2105.26001
2016/6/3,2104.070068,2104.070068,2085.360107,2099.129883
2016/6/6,2100.830078,2113.360107,2100.830078,2109.409912
2016/6/7,2110.179932,2119.219971,2110.179932,2112.129883
2016/6/8,2112.709961,2120.550049,2112.709961,2119.120117
2016/6/9,2115.649902,2117.639893,2107.72998,2115.47998
2016/6/10,2109.570068,2109.570068,2089.959961,2096.070068
2016/6/13,2091.75,2098.120117,2078.459961,2079.060059
2016/6/14,2076.649902,2081.300049,2064.100098,2075.320068
2016/6/15,2077.600098,2085.649902,2069.800049,2071.5
2016/6/16,2066.360107,2079.620117,2050.370117,2077.98999
2016/6/17,2078.199951,2078.199951,2062.840088,2071.219971
2016/6/20,2075.580078,2100.659912,2075.580078,2083.25
2016/6/21,2085.189941,2093.659912,2083.02002,2088.899902
2016/6/22,2089.75,2099.709961,2084.360107,2085.449951
2016/6/23,2092.800049,2113.320068,2092.800049,2113.320068
2016/6/24,2103.810059,2103.810059,2032.569946,2037.410034
2016/6/27,2031.449951,2031.449951,1991.680054,2000.540039
2016/6/28,2006.670044,2036.089966,2006.670044,2036.089966
2016/6/29,2042.689941,2073.129883,2042.689941,2070.77002
2016/6/30,2073.169922,2098.939941,2070,2098.860107
2016/7/1,2099.340088,2108.709961,2097.899902,2102.949951
2016/7/5,2095.050049,2095.050049,2080.860107,2088.550049
2016/7/6,2084.429932,2100.719971,2074.02002,2099.72998
2016/7/7,2100.419922,2109.080078,2089.389893,2097.899902
2016/7/8,2106.969971,2131.709961,2106.969971,2129.899902
2016/7/11,2131.719971,2143.159912,2131.719971,2137.159912
2016/7/12,2139.5,2155.399902,2139.5,2152.139893
2016/7/13,2153.810059,2156.449951,2146.209961,2152.429932
2016/7/14,2157.879883,2168.98999,2157.879883,2163.75
2016/7/15,2165.129883,2169.050049,2155.790039,2161.73999
2016/7/18,2162.040039,2168.350098,2159.629883,2166.889893
2016/7/19,2163.790039,2164.629883,2159.01001,2163.780029
2016/7/20,2166.100098,2175.629883,2164.889893,2173.02002
2016/7/21,2172.909912,2174.560059,2159.75,2165.169922
2016/7/22,2166.469971,2175.110107,2163.23999,2175.030029
2016/7/25,2173.709961,2173.709961,2161.949951,2168.47998
2016/7/26,2168.969971,2173.540039,2160.179932,2169.179932
2016/7/27,2169.810059,2174.97998,2159.070068,2166.580078
2016/7/28,2166.050049,2172.850098,2159.73999,2170.060059
2016/7/29,2168.830078,2177.090088,2163.48999,2173.600098
2016/8/1,2173.149902,2178.290039,2166.209961,2170.840088
2016/8/2,2169.939941,2170.199951,2147.580078,2157.030029
2016/8/3,2156.810059,2163.790039,2152.560059,2163.790039
2016/8/4,2163.51001,2168.189941,2159.070068,2164.25
2016/8/5,2168.790039,2182.870117,2168.790039,2182.870117
2016/8/8,2183.76001,2185.439941,2177.850098,2180.889893
2016/8/9,2182.23999,2187.659912,2178.610107,2181.73999
2016/8/10,2182.810059,2183.409912,2172,2175.48999
2016/8/11,2177.969971,2188.449951,2177.969971,2185.790039
2016/8/12,2183.73999,2186.280029,2179.419922,2184.050049
2016/8/15,2186.080078,2193.810059,2186.080078,2190.149902
2016/8/16,2186.23999,2186.23999,2178.139893,2178.149902
2016/8/17,2177.840088,2183.080078,2168.5,2182.219971
2016/8/18,2181.899902,2187.030029,2180.459961,2187.02002
2016/8/19,2184.23999,2185,2175.129883,2183.870117
2016/8/22,2181.580078,2185.149902,2175.959961,2182.639893
2016/8/23,2187.810059,2193.419922,2186.800049,2186.899902
2016/8/24,2185.090088,2186.659912,2171.25,2175.439941
2016/8/25,2173.290039,2179,2169.73999,2172.469971
2016/8/26,2175.100098,2187.939941,2160.389893,2169.040039
2016/8/29,2170.189941,2183.47998,2170.189941,2180.379883
2016/8/30,2179.449951,2182.27002,2170.409912,2176.120117
2016/8/31,2173.560059,2173.790039,2161.350098,2170.949951
2016/9/1,2171.330078,2173.560059,2157.090088,2170.860107
2016/9/2,2177.48999,2184.870117,2173.590088,2179.97998
2016/9/6,2181.610107,2186.570068,2175.100098,2186.47998
2016/9/7,2185.169922,2187.870117,2179.070068,2186.159912
2016/9/8,2182.76001,2184.939941,2177.48999,2181.300049
2016/9/9,2169.080078,2169.080078,2127.810059,2127.810059
2016/9/12,2120.860107,2163.300049,2119.120117,2159.040039
2016/9/13,2150.469971,2150.469971,2120.27002,2127.02002
2016/9/14,2127.860107,2141.330078,2119.899902,2125.77002
2016/9/15,2125.360107,2151.310059,2122.360107,2147.26001
2016/9/16,2146.47998,2146.47998,2131.199951,2139.159912
2016/9/19,2143.98999,2153.610107,2135.909912,2139.120117
2016/9/20,2145.939941,2150.800049,2139.169922,2139.76001
2016/9/21,2144.580078,2165.110107,2139.570068,2163.120117
2016/9/22,2170.939941,2179.98999,2170.939941,2177.179932
2016/9/23,2173.290039,2173.75,2163.969971,2164.689941
2016/9/26,2158.540039,2158.540039,2145.040039,2146.100098
2016/9/27,2146.040039,2161.129883,2141.550049,2159.929932
2016/9/28,2161.850098,2172.399902,2151.790039,2171.370117
2016/9/29,2168.899902,2172.669922,2145.199951,2151.129883
2016/9/30,2156.51001,2175.300049,2156.51001,2168.27002
2016/10/3,2164.330078,2164.409912,2154.77002,2161.199951
2016/10/4,2163.370117,2165.459961,2144.01001,2150.48999
2016/10/5,2155.149902,2163.949951,2155.149902,2159.72998
2016/10/6,2158.219971,2162.929932,2150.280029,2160.77002
2016/10/7,2164.189941,2165.860107,2144.850098,2153.73999
2016/10/10,2160.389893,2169.600098,2160.389893,2163.659912
2016/10/11,2161.350098,2161.560059,2128.840088,2136.72998
2016/10/12,2137.669922,2145.360107,2132.77002,2139.179932
2016/10/13,2130.26001,2138.189941,2114.719971,2132.550049
2016/10/14,2139.679932,2149.189941,2132.97998,2132.97998
2016/10/17,2132.949951,2135.610107,2124.429932,2126.5
2016/10/18,2138.310059,2144.379883,2135.48999,2139.600098
2016/10/19,2140.810059,2148.439941,2138.149902,2144.290039
2016/10/20,2142.51001,2147.179932,2133.439941,2141.340088
2016/10/21,2139.429932,2142.629883,2130.090088,2141.159912
2016/10/24,2148.5,2154.790039,2146.909912,2151.330078
2016/10/25,2149.719971,2151.439941,2141.929932,2143.159912
2016/10/26,2136.969971,2145.72998,2131.590088,2139.429932
2016/10/27,2144.060059,2147.129883,2132.52002,2133.040039
2016/10/28,2132.22998,2140.719971,2119.360107,2126.409912
2016/10/31,2129.780029,2133.25,2125.530029,2126.149902
2016/11/1,2128.679932,2131.449951,2097.850098,2111.719971
2016/11/2,2109.429932,2111.76001,2094,2097.939941
2016/11/3,2098.800049,2102.560059,2085.22998,2088.659912
2016/11/4,2083.790039,2099.070068,2083.790039,2085.179932
2016/11/7,2100.590088,2132,2100.590088,2131.52002
2016/11/8,2129.919922,2146.870117,2123.560059,2139.560059
2016/11/9,2131.560059,2170.100098,2125.350098,2163.26001
2016/11/10,2167.48999,2182.300049,2151.169922,2167.47998
2016/11/11,2162.709961,2165.919922,2152.48999,2164.449951
2016/11/14,2165.639893,2171.360107,2156.080078,2164.199951
2016/11/15,2168.290039,2180.840088,2166.379883,2180.389893
2016/11/16,2177.530029,2179.219971,2172.199951,2176.939941
2016/11/17,2178.610107,2188.060059,2176.649902,2187.120117
2016/11/18,2186.850098,2189.889893,2180.379883,2181.899902
2016/11/21,2186.429932,2198.699951,2186.429932,2198.179932
2016/11/22,2201.560059,2204.800049,2194.51001,2202.939941
2016/11/23,2198.550049,2204.719971,2194.51001,2204.719971
2016/11/25,2206.27002,2213.350098,2206.27002,2213.350098
2016/11/28,2210.209961,2211.139893,2200.360107,2201.719971
2016/11/29,2200.76001,2210.459961,2198.149902,2204.659912
2016/11/30,2204.969971,2214.100098,2198.810059,2198.810059
2016/12/1,2200.169922,2202.600098,2187.439941,2191.080078
2016/12/2,2191.120117,2197.949951,2188.370117,2191.949951
2016/12/5,2200.649902,2209.419922,2199.969971,2204.709961
2016/12/6,2207.26001,2212.780029,2202.209961,2212.22998
2016/12/7,2210.719971,2241.629883,2208.929932,2241.350098
2016/12/8,2241.129883,2251.689941,2237.570068,2246.189941
2016/12/9,2249.72998,2259.800049,2249.22998,2259.530029
2016/12/12,2258.830078,2264.030029,2252.370117,2256.959961
2016/12/13,2263.320068,2277.530029,2263.320068,2271.719971
2016/12/14,2268.350098,2276.199951,2248.439941,2253.280029
2016/12/15,2253.77002,2272.120117,2253.77002,2262.030029
2016/12/16,2266.810059,2268.050049,2254.23999,2258.070068
2016/12/19,2259.23999,2267.469971,2258.209961,2262.530029
2016/12/20,2266.5,2272.560059,2266.139893,2270.76001
2016/12/21,2270.540039,2271.22998,2265.149902,2265.179932
2016/12/22,2262.929932,2263.179932,2256.080078,2260.959961
2016/12/23,2260.25,2263.790039,2258.840088,2263.790039
2016/12/27,2266.22998,2273.820068,2266.149902,2268.879883
2016/12/28,2270.22998,2271.310059,2249.110107,2249.919922
2016/12/29,2249.5,2254.51001,2244.560059,2249.26001
2016/12/30,2251.610107,2253.580078,2233.620117,2238.830078
2017/1/3,2251.570068,2263.879883,2245.129883,2257.830078
2017/1/4,2261.600098,2272.820068,2261.600098,2270.75
2017/1/5,2268.179932,2271.5,2260.449951,2269
2017/1/6,2271.139893,2282.100098,2264.060059,2276.97998
2017/1/9,2273.590088,2275.48999,2268.899902,2268.899902
2017/1/10,2269.719971,2279.27002,2265.27002,2268.899902
2017/1/11,2268.600098,2275.320068,2260.830078,2275.320068
2017/1/12,2271.139893,2271.780029,2254.25,2270.439941
2017/1/13,2272.73999,2278.679932,2271.51001,2274.639893
2017/1/17,2269.139893,2272.080078,2262.810059,2267.889893
2017/1/18,2269.139893,2272.01001,2263.350098,2271.889893
2017/1/19,2271.899902,2274.330078,2258.409912,2263.689941
2017/1/20,2269.959961,2276.959961,2265.01001,2271.310059
2017/1/23,2267.780029,2271.780029,2257.02002,2265.199951
2017/1/24,2267.879883,2284.629883,2266.679932,2280.070068
2017/1/25,2288.879883,2299.550049,2288.879883,2298.370117
2017/1/26,2298.629883,2300.98999,2294.080078,2296.679932
2017/1/27,2299.02002,2299.02002,2291.620117,2294.689941
2017/1/30,2286.01001,2286.01001,2268.040039,2280.899902
2017/1/31,2274.02002,2279.090088,2267.209961,2278.870117
2017/2/1,2285.590088,2289.139893,2272.439941,2279.550049
2017/2/2,2276.689941,2283.969971,2271.649902,2280.850098
2017/2/3,2288.540039,2298.310059,2287.879883,2297.419922
2017/2/6,2294.280029,2296.179932,2288.570068,2292.560059
2017/2/7,2295.870117,2299.399902,2290.159912,2293.080078
2017/2/8,2289.550049,2295.909912,2285.379883,2294.669922
2017/2/9,2296.699951,2311.080078,2296.610107,2307.870117
2017/2/10,2312.27002,2319.22998,2311.100098,2316.100098
2017/2/13,2321.719971,2331.580078,2321.419922,2328.25
2017/2/14,2326.120117,2337.580078,2322.169922,2337.580078
2017/2/15,2335.580078,2351.300049,2334.810059,2349.25
2017/2/16,2349.639893,2351.310059,2338.870117,2347.219971
2017/2/17,2343.01001,2351.159912,2339.580078,2351.159912
2017/2/21,2354.909912,2366.709961,2354.909912,2365.379883
2017/2/22,2361.110107,2365.129883,2358.340088,2362.820068
2017/2/23,2367.5,2368.26001,2355.090088,2363.810059
2017/2/24,2355.72998,2367.340088,2352.870117,2367.340088
2017/2/27,2365.22998,2371.540039,2361.870117,2369.75
2017/2/28,2366.080078,2367.790039,2358.959961,2363.639893
2017/3/1,2380.129883,2400.97998,2380.129883,2395.959961
2017/3/2,2394.75,2394.75,2380.169922,2381.919922
2017/3/3,2380.919922,2383.889893,2375.389893,2383.120117
2017/3/6,2375.22998,2378.800049,2367.97998,2375.310059
2017/3/7,2370.73999,2375.120117,2365.51001,2368.389893
2017/3/8,2369.810059,2373.090088,2361.01001,2362.97998
2017/3/9,2363.48999,2369.080078,2354.540039,2364.870117
2017/3/10,2372.52002,2376.860107,2363.040039,2372.600098
2017/3/13,2371.560059,2374.419922,2368.52002,2373.469971
2017/3/14,2368.550049,2368.550049,2358.179932,2365.449951
2017/3/15,2370.340088,2390.01001,2368.939941,2385.26001
2017/3/16,2387.709961,2388.100098,2377.179932,2381.379883
2017/3/17,2383.709961,2385.709961,2377.639893,2378.25
2017/3/20,2378.23999,2379.550049,2369.659912,2373.469971
2017/3/21,2379.320068,2381.929932,2341.899902,2344.02002
2017/3/22,2343,2351.810059,2336.449951,2348.449951
2017/3/23,2345.969971,2358.919922,2342.129883,2345.959961
2017/3/24,2350.419922,2356.219971,2335.73999,2343.97998
2017/3/27,2329.110107,2344.899902,2322.25,2341.590088
2017/3/28,2339.790039,2363.780029,2337.629883,2358.570068
2017/3/29,2356.540039,2363.360107,2352.939941,2361.129883
2017/3/30,2361.310059,2370.419922,2358.580078,2368.060059
2017/3/31,2364.820068,2370.350098,2362.600098,2362.719971
2017/4/3,2362.340088,2365.870117,2344.72998,2358.840088
2017/4/4,2354.76001,2360.530029,2350.719971,2360.159912
2017/4/5,2366.590088,2378.360107,2350.52002,2352.949951
2017/4/6,2353.790039,2364.159912,2348.899902,2357.48999
2017/4/7,2356.590088,2363.76001,2350.73999,2355.540039
2017/4/10,2357.159912,2366.370117,2351.5,2357.159912
2017/4/11,2353.919922,2355.219971,2337.25,2353.780029
2017/4/12,2352.149902,2352.719971,2341.179932,2344.929932
2017/4/13,2341.97998,2348.26001,2328.949951,2328.949951
2017/4/17,2332.620117,2349.139893,2332.51001,2349.01001
2017/4/18,2342.530029,2348.350098,2334.540039,2342.189941
2017/4/19,2346.790039,2352.629883,2335.050049,2338.169922
2017/4/20,2342.689941,2361.370117,2340.909912,2355.840088
2017/4/21,2354.73999,2356.179932,2344.51001,2348.689941
2017/4/24,2370.330078,2376.97998,2369.189941,2374.149902
2017/4/25,2381.51001,2392.47998,2381.149902,2388.610107
2017/4/26,2388.97998,2398.159912,2386.780029,2387.449951
2017/4/27,2389.699951,2392.100098,2382.679932,2388.77002
2017/4/28,2393.679932,2393.679932,2382.360107,2384.199951
2017/5/1,2388.5,2394.48999,2384.830078,2388.330078
2017/5/2,2391.050049,2392.929932,2385.820068,2391.169922
2017/5/3,2386.5,2389.820068,2379.75,2388.129883
2017/5/4,2389.790039,2391.429932,2380.350098,2389.52002
2017/5/5,2392.370117,2399.290039,2389.379883,2399.290039
2017/5/8,2399.939941,2401.360107,2393.919922,2399.379883
2017/5/9,2401.580078,2403.870117,2392.439941,2396.919922
2017/5/10,2396.790039,2399.73999,2392.790039,2399.629883
2017/5/11,2394.840088,2395.719971,2381.73999,2394.439941
2017/5/12,2392.439941,2392.439941,2387.189941,2390.899902
2017/5/15,2393.97998,2404.050049,2393.939941,2402.320068
2017/5/16,2404.550049,2405.77002,2396.050049,2400.669922
2017/5/17,2382.949951,2384.870117,2356.209961,2357.030029
2017/5/18,2354.689941,2375.73999,2352.719971,2365.719971
2017/5/19,2371.370117,2389.060059,2370.429932,2381.72998
2017/5/22,2387.209961,2395.459961,2386.919922,2394.02002
2017/5/23,2397.040039,2400.850098,2393.879883,2398.419922
2017/5/24,2401.409912,2405.580078,2397.98999,2404.389893
2017/5/25,2409.540039,2418.709961,2408.01001,2415.070068
2017/5/26,2414.5,2416.679932,2412.199951,2415.820068
2017/5/30,2411.669922,2415.26001,2409.429932,2412.909912
2017/5/31,2415.629883,2415.98999,2403.590088,2411.800049
2017/6/1,2415.649902,2430.060059,2413.540039,2430.060059
2017/6/2,2431.280029,2440.22998,2427.709961,2439.070068
2017/6/5,2437.830078,2439.550049,2434.320068,2436.100098
2017/6/6,2431.919922,2436.209961,2428.120117,2429.330078
2017/6/7,2432.030029,2435.280029,2424.75,2433.139893
2017/6/8,2434.27002,2439.27002,2427.939941,2433.790039
2017/6/9,2436.389893,2446.199951,2415.699951,2431.77002
2017/6/12,2425.879883,2430.379883,2419.969971,2429.389893
2017/6/13,2434.149902,2441.48999,2431.280029,2440.350098
2017/6/14,2443.75,2443.75,2428.340088,2437.919922
2017/6/15,2424.139893,2433.949951,2418.530029,2432.459961
2017/6/16,2431.23999,2433.149902,2422.879883,2433.149902
2017/6/19,2442.550049,2453.820068,2441.790039,2453.459961
2017/6/20,2450.659912,2450.659912,2436.600098,2437.030029
2017/6/21,2439.310059,2442.22998,2430.73999,2435.610107
2017/6/22,2437.399902,2441.620117,2433.27002,2434.5
2017/6/23,2434.649902,2441.399902,2431.110107,2438.300049
2017/6/26,2443.320068,2450.419922,2437.030029,2439.070068
2017/6/27,2436.340088,2440.149902,2419.379883,2419.379883
2017/6/28,2428.699951,2442.969971,2428.02002,2440.689941
2017/6/29,2442.379883,2442.72998,2405.699951,2419.699951
2017/6/30,2429.199951,2432.709961,2421.649902,2423.409912
2017/7/3,2431.389893,2439.169922,2428.689941,2429.01001
2017/7/5,2430.780029,2434.899902,2422.050049,2432.540039
2017/7/6,2423.439941,2424.280029,2407.699951,2409.75
2017/7/7,2413.52002,2426.919922,2413.52002,2425.179932
2017/7/10,2424.51001,2432,2422.27002,2427.429932
2017/7/11,2427.350098,2429.300049,2412.790039,2425.530029
2017/7/12,2435.75,2445.76001,2435.75,2443.25
2017/7/13,2444.98999,2449.320068,2441.689941,2447.830078
2017/7/14,2449.159912,2463.540039,2446.689941,2459.27002
2017/7/17,2459.5,2462.820068,2457.159912,2459.139893
2017/7/18,2455.879883,2460.919922,2450.340088,2460.610107
2017/7/19,2463.850098,2473.830078,2463.850098,2473.830078
2017/7/20,2475.560059,2477.620117,2468.429932,2473.449951
2017/7/21,2467.399902,2472.540039,2465.060059,2472.540039
2017/7/24,2472.040039,2473.100098,2466.320068,2469.909912
2017/7/25,2477.879883,2481.23999,2474.909912,2477.129883
2017/7/26,2479.969971,2481.689941,2474.939941,2477.830078
2017/7/27,2482.76001,2484.040039,2459.929932,2475.419922
2017/7/28,2469.120117,2473.530029,2464.659912,2472.100098
2017/7/31,2475.939941,2477.959961,2468.530029,2470.300049
2017/8/1,2477.100098,2478.51001,2471.139893,2476.350098
2017/8/2,2480.379883,2480.379883,2466.47998,2477.570068
2017/8/3,2476.030029,2476.030029,2468.850098,2472.159912
2017/8/4,2476.879883,2480,2472.080078,2476.830078
2017/8/7,2477.139893,2480.949951,2475.879883,2480.909912
2017/8/8,2478.350098,2490.870117,2470.320068,2474.919922
2017/8/9,2465.350098,2474.409912,2462.080078,2474.02002
2017/8/10,2465.379883,2465.379883,2437.75,2438.209961
2017/8/11,2441.040039,2448.090088,2437.850098,2441.320068
2017/8/14,2454.959961,2468.219971,2454.959961,2465.840088
2017/8/15,2468.659912,2468.899902,2461.610107,2464.610107
2017/8/16,2468.629883,2474.929932,2463.860107,2468.110107
2017/8/17,2462.949951,2465.02002,2430.01001,2430.01001
2017/8/18,2427.639893,2440.27002,2420.689941,2425.550049
2017/8/21,2425.5,2430.580078,2417.350098,2428.370117
2017/8/22,2433.75,2454.77002,2433.669922,2452.51001
2017/8/23,2444.879883,2448.909912,2441.419922,2444.040039
2017/8/24,2447.909912,2450.389893,2436.189941,2438.969971
2017/8/25,2444.719971,2453.959961,2442.219971,2443.050049
2017/8/28,2447.350098,2449.120117,2439.030029,2444.23999
2017/8/29,2431.939941,2449.189941,2428.199951,2446.300049
2017/8/30,2446.060059,2460.310059,2443.77002,2457.590088
2017/8/31,2462.649902,2475.01001,2462.649902,2471.649902
2017/9/1,2474.419922,2480.379883,2473.850098,2476.550049
2017/9/5,2470.350098,2471.969971,2446.550049,2457.850098
2017/9/6,2463.830078,2469.639893,2459.199951,2465.540039
2017/9/7,2468.060059,2468.620117,2460.290039,2465.100098
2017/9/8,2462.25,2467.110107,2459.399902,2461.429932
2017/9/11,2474.52002,2488.949951,2474.52002,2488.110107
2017/9/12,2491.939941,2496.77002,2490.370117,2496.47998
2017/9/13,2493.889893,2498.370117,2492.139893,2498.370117
2017/9/14,2494.560059,2498.429932,2491.350098,2495.620117
2017/9/15,2495.669922,2500.22998,2493.159912,2500.22998
2017/9/18,2502.51001,2508.320068,2499.919922,2503.870117
2017/9/19,2506.290039,2507.840088,2503.189941,2506.649902
2017/9/20,2506.840088,2508.850098,2496.669922,2508.23999
2017/9/21,2507.159912,2507.159912,2499,2500.600098
2017/9/22,2497.26001,2503.469971,2496.540039,2502.219971
2017/9/25,2499.389893,2502.540039,2488.030029,2496.659912
2017/9/26,2501.040039,2503.51001,2495.120117,2496.840088
2017/9/27,2503.300049,2511.75,2495.909912,2507.040039
2017/9/28,2503.409912,2510.810059,2502.929932,2510.060059
2017/9/29,2509.959961,2519.439941,2507.98999,2519.360107
2017/10/2,2521.199951,2529.22998,2520.399902,2529.120117
2017/10/3,2530.340088,2535.129883,2528.850098,2534.580078
2017/10/4,2533.47998,2540.530029,2531.800049,2537.73999
2017/10/5,2540.860107,2552.51001,2540.02002,2552.070068
2017/10/6,2547.439941,2549.409912,2543.790039,2549.330078
2017/10/9,2551.389893,2551.820068,2541.600098,2544.72998
2017/10/10,2549.98999,2555.22998,2544.860107,2550.639893
2017/10/11,2550.620117,2555.23999,2547.949951,2555.23999
2017/10/12,2552.879883,2555.330078,2548.310059,2550.929932
2017/10/13,2555.659912,2557.649902,2552.090088,2553.169922
2017/10/16,2555.570068,2559.469971,2552.639893,2557.639893
2017/10/17,2557.169922,2559.709961,2554.689941,2559.360107
2017/10/18,2562.870117,2564.110107,2559.669922,2561.26001
2017/10/19,2553.389893,2562.360107,2547.919922,2562.100098
2017/10/20,2567.560059,2575.439941,2567.560059,2575.209961
2017/10/23,2578.080078,2578.290039,2564.330078,2564.97998
2017/10/24,2568.659912,2572.179932,2565.580078,2569.129883
2017/10/25,2566.52002,2567.399902,2544,2557.149902
2017/10/26,2560.080078,2567.070068,2559.800049,2560.399902
2017/10/27,2570.26001,2582.97998,2565.939941,2581.070068
2017/10/30,2577.75,2580.030029,2568.25,2572.830078
2017/10/31,2575.98999,2578.290039,2572.149902,2575.26001
2017/11/1,2583.209961,2588.399902,2574.919922,2579.360107
2017/11/2,2579.459961,2581.110107,2566.169922,2579.850098
2017/11/3,2581.929932,2588.419922,2576.77002,2587.840088
2017/11/6,2587.469971,2593.379883,2585.659912,2591.129883
2017/11/7,2592.110107,2597.02002,2584.350098,2590.639893
2017/11/8,2588.709961,2595.469971,2585.02002,2594.379883
2017/11/9,2584,2586.5,2566.330078,2584.620117
2017/11/10,2580.179932,2583.810059,2575.570068,2582.300049
2017/11/13,2576.530029,2587.659912,2574.47998,2584.840088
2017/11/14,2577.75,2579.659912,2566.560059,2578.870117
2017/11/15,2569.449951,2572.840088,2557.449951,2564.620117
2017/11/16,2572.949951,2590.090088,2572.949951,2585.639893
2017/11/17,2582.939941,2583.959961,2577.620117,2578.850098
2017/11/20,2579.48999,2584.639893,2578.23999,2582.139893
2017/11/21,2589.169922,2601.189941,2589.169922,2599.030029
2017/11/22,2600.310059,2600.939941,2595.22998,2597.080078
2017/11/24,2600.419922,2604.209961,2600.419922,2602.419922
2017/11/27,2602.659912,2606.409912,2598.870117,2601.419922
2017/11/28,2605.939941,2627.689941,2605.439941,2627.040039
2017/11/29,2627.820068,2634.889893,2620.320068,2626.070068
2017/11/30,2633.929932,2657.73999,2633.929932,2647.580078
2017/12/1,2645.100098,2650.620117,2605.52002,2642.219971
2017/12/4,2657.189941,2665.189941,2639.030029,2639.439941
2017/12/5,2639.780029,2648.719971,2627.72998,2629.570068
2017/12/6,2626.23999,2634.409912,2624.75,2629.27002
2017/12/7,2628.379883,2640.98999,2626.530029,2636.97998
2017/12/8,2646.209961,2651.649902,2644.100098,2651.5
2017/12/11,2652.189941,2660.330078,2651.469971,2659.98999
2017/12/12,2661.72998,2669.719971,2659.780029,2664.110107
2017/12/13,2667.590088,2671.879883,2662.850098,2662.850098
2017/12/14,2665.870117,2668.090088,2652.01001,2652.01001
2017/12/15,2660.629883,2679.629883,2659.139893,2675.810059
2017/12/18,2685.919922,2694.969971,2685.919922,2690.159912
2017/12/19,2692.709961,2694.439941,2680.73999,2681.469971
2017/12/20,2688.179932,2691.01001,2676.110107,2679.25
2017/12/21,2683.02002,2692.639893,2682.399902,2684.570068
2017/12/22,2684.219971,2685.350098,2678.129883,2683.340088
2017/12/26,2679.090088,2682.73999,2677.959961,2680.5
2017/12/27,2682.100098,2685.639893,2678.909912,2682.620117
2017/12/28,2686.100098,2687.659912,2682.689941,2687.540039
2017/12/29,2689.149902,2692.120117,2673.610107,2673.610107
2018/1/2,2683.72998,2695.889893,2682.360107,2695.810059
2018/1/3,2697.850098,2714.370117,2697.77002,2713.060059
2018/1/4,2719.310059,2729.290039,2719.070068,2723.98999
2018/1/5,2731.330078,2743.449951,2727.919922,2743.149902
2018/1/8,2742.669922,2748.51001,2737.600098,2747.709961
2018/1/9,2751.149902,2759.139893,2747.860107,2751.290039
2018/1/10,2745.550049,2750.800049,2736.060059,2748.22998
2018/1/11,2752.969971,2767.560059,2752.780029,2767.560059
2018/1/12,2770.179932,2787.850098,2769.639893,2786.23999
2018/1/16,2798.959961,2807.540039,2768.639893,2776.419922
2018/1/17,2784.98999,2807.040039,2778.379883,2802.560059
2018/1/18,2802.399902,2805.830078,2792.560059,2798.030029
2018/1/19,2802.600098,2810.330078,2798.080078,2810.300049
2018/1/22,2809.159912,2833.030029,2808.120117,2832.969971
2018/1/23,2835.050049,2842.23999,2830.590088,2839.129883
2018/1/24,2845.419922,2852.969971,2824.810059,2837.540039
2018/1/25,2846.23999,2848.560059,2830.939941,2839.25
2018/1/26,2847.47998,2872.870117,2846.179932,2872.870117
2018/1/29,2867.22998,2870.620117,2851.47998,2853.530029
2018/1/30,2832.73999,2837.75,2818.27002,2822.429932
2018/1/31,2832.409912,2839.26001,2813.040039,2823.810059
2018/2/1,2816.449951,2835.959961,2812.699951,2821.97998
2018/2/2,2808.919922,2808.919922,2759.969971,2762.129883
2018/2/5,2741.060059,2763.389893,2638.169922,2648.939941
2018/2/6,2614.780029,2701.040039,2593.070068,2695.139893
2018/2/7,2690.949951,2727.669922,2681.330078,2681.659912
2018/2/8,2685.01001,2685.27002,2580.560059,2581
2018/2/9,2601.780029,2638.669922,2532.689941,2619.550049
2018/2/12,2636.75,2672.610107,2622.449951,2656
2018/2/13,2646.27002,2668.840088,2637.080078,2662.939941
2018/2/14,2651.209961,2702.100098,2648.870117,2698.629883
2018/2/15,2713.459961,2731.51001,2689.820068,2731.199951
2018/2/16,2727.139893,2754.419922,2725.110107,2732.219971
2018/2/20,2722.98999,2737.600098,2706.76001,2716.26001
2018/2/21,2720.530029,2747.75,2701.290039,2701.330078
2018/2/22,2710.419922,2731.26001,2697.77002,2703.959961
2018/2/23,2715.800049,2747.76001,2713.73999,2747.300049
2018/2/26,2757.370117,2780.639893,2753.780029,2779.600098
2018/2/27,2780.449951,2789.149902,2744.219971,2744.280029
2018/2/28,2753.780029,2761.52002,2713.540039,2713.830078
2018/3/1,2715.219971,2730.889893,2659.649902,2677.669922
2018/3/2,2658.889893,2696.25,2647.320068,2691.25
2018/3/5,2681.060059,2728.090088,2675.75,2720.939941
2018/3/6,2730.179932,2732.080078,2711.26001,2728.120117
2018/3/7,2710.179932,2730.600098,2701.73999,2726.800049
2018/3/8,2732.75,2740.449951,2722.649902,2738.969971
2018/3/9,2752.909912,2786.570068,2751.540039,2786.570068
2018/3/12,2790.540039,2796.97998,2779.26001,2783.02002
2018/3/13,2792.310059,2801.899902,2758.679932,2765.310059
2018/3/14,2774.060059,2777.110107,2744.379883,2749.47998
2018/3/15,2754.27002,2763.030029,2741.469971,2747.330078
2018/3/16,2750.570068,2761.850098,2749.969971,2752.01001
2018/3/19,2741.379883,2741.379883,2694.590088,2712.919922
2018/3/20,2715.050049,2724.219971,2710.050049,2716.939941
2018/3/21,2714.98999,2739.139893,2709.790039,2711.929932
2018/3/22,2691.360107,2695.679932,2641.590088,2643.689941
2018/3/23,2646.709961,2657.669922,2585.889893,2588.26001
2018/3/26,2619.350098,2661.360107,2601.810059,2658.550049
2018/3/27,2667.570068,2674.780029,2596.120117,2612.620117
2018/3/28,2611.300049,2632.649902,2593.060059,2605
2018/3/29,2614.409912,2659.070068,2609.719971,2640.870117
2018/4/2,2633.449951,2638.300049,2553.800049,2581.879883
2018/4/3,2592.169922,2619.139893,2575.48999,2614.449951
2018/4/4,2584.040039,2649.860107,2573.610107,2644.689941
2018/4/5,2657.360107,2672.080078,2649.580078,2662.840088
2018/4/6,2645.820068,2656.879883,2586.27002,2604.469971
2018/4/9,2617.179932,2653.550049,2610.790039,2613.159912
2018/4/10,2638.409912,2665.449951,2635.780029,2656.870117
2018/4/11,2643.889893,2661.429932,2639.25,2642.189941
2018/4/12,2653.830078,2674.719971,2653.830078,2663.98999
2018/4/13,2676.899902,2680.26001,2645.050049,2656.300049
2018/4/16,2670.100098,2686.48999,2665.159912,2677.840088
2018/4/17,2692.73999,2713.340088,2692.050049,2706.389893
2018/4/18,2710.110107,2717.48999,2703.629883,2708.639893
2018/4/19,2701.159912,2702.840088,2681.899902,2693.129883
2018/4/20,2692.560059,2693.939941,2660.610107,2670.139893
2018/4/23,2675.399902,2682.860107,2657.98999,2670.290039
2018/4/24,2680.800049,2683.550049,2617.320068,2634.560059
2018/4/25,2634.919922,2645.300049,2612.669922,2639.399902
2018/4/26,2651.649902,2676.47998,2647.159912,2666.939941
2018/4/27,2675.469971,2677.350098,2659.01001,2669.909912
2018/4/30,2682.51001,2682.870117,2648.040039,2648.050049
2018/5/1,2642.959961,2655.27002,2625.409912,2654.800049
2018/5/2,2654.23999,2660.870117,2631.699951,2635.669922
2018/5/3,2628.080078,2637.139893,2594.620117,2629.72998
2018/5/4,2621.449951,2670.929932,2615.320068,2663.419922
2018/5/7,2680.340088,2683.350098,2664.699951,2672.629883
2018/5/8,2670.26001,2676.340088,2655.199951,2671.919922
2018/5/9,2678.120117,2701.27002,2674.139893,2697.790039
2018/5/10,2705.02002,2726.110107,2704.540039,2723.070068
2018/5/11,2722.699951,2732.860107,2717.449951,2727.719971
2018/5/14,2738.469971,2742.100098,2725.469971,2730.129883
2018/5/15,2718.590088,2718.590088,2701.909912,2711.449951
2018/5/16,2712.620117,2727.76001,2712.169922,2722.459961
2018/5/17,2719.709961,2731.959961,2711.360107,2720.129883
2018/5/18,2717.350098,2719.5,2709.179932,2712.969971
2018/5/21,2735.389893,2739.189941,2725.699951,2733.01001
2018/5/22,2738.340088,2742.23999,2721.879883,2724.439941
2018/5/23,2713.97998,2733.330078,2709.540039,2733.290039
2018/5/24,2730.939941,2731.969971,2707.379883,2727.76001
2018/5/25,2723.600098,2727.360107,2714.98999,2721.330078
2018/5/29,2705.110107,2710.669922,2676.810059,2689.860107
2018/5/30,2702.429932,2729.340088,2702.429932,2724.01001
2018/5/31,2720.97998,2722.5,2700.679932,2705.27002
2018/6/1,2718.699951,2736.929932,2718.699951,2734.620117
2018/6/4,2741.669922,2749.159912,2740.540039,2746.870117
2018/6/5,2748.459961,2752.610107,2739.51001,2748.800049
2018/6/6,2753.25,2772.389893,2748.459961,2772.350098
2018/6/7,2774.840088,2779.899902,2760.159912,2770.370117
2018/6/8,2765.840088,2779.389893,2763.590088,2779.030029
2018/6/11,2780.179932,2790.209961,2780.169922,2782
2018/6/12,2785.600098,2789.800049,2778.780029,2786.850098
2018/6/13,2787.939941,2791.469971,2774.649902,2775.629883
2018/6/14,2783.209961,2789.060059,2776.52002,2782.48999
2018/6/15,2777.780029,2782.810059,2761.72998,2779.659912
2018/6/18,2765.790039,2774.98999,2757.120117,2773.75
2018/6/19,2752.01001,2765.050049,2743.189941,2762.590088
2018/6/20,2769.72998,2774.860107,2763.909912,2767.320068
2018/6/21,2769.280029,2769.280029,2744.389893,2749.76001
2018/6/22,2760.790039,2764.169922,2752.679932,2754.879883
2018/6/25,2742.939941,2742.939941,2698.669922,2717.070068
2018/6/26,2722.120117,2732.909912,2715.600098,2723.060059
2018/6/27,2728.449951,2746.090088,2699.379883,2699.629883
2018/6/28,2698.689941,2724.340088,2691.98999,2716.310059
2018/6/29,2727.129883,2743.26001,2718.030029,2718.370117
2018/7/2,2704.949951,2727.26001,2698.949951,2726.709961
2018/7/3,2733.27002,2736.580078,2711.159912,2713.219971
2018/7/5,2724.189941,2737.830078,2716.02002,2736.610107
2018/7/6,2737.679932,2764.409912,2733.52002,2759.820068
2018/7/9,2775.620117,2784.649902,2770.72998,2784.169922
2018/7/10,2788.560059,2795.580078,2786.23999,2793.840088
2018/7/11,2779.820068,2785.909912,2770.77002,2774.02002
2018/7/12,2783.139893,2799.219971,2781.530029,2798.290039
2018/7/13,2796.929932,2804.530029,2791.689941,2801.310059
2018/7/16,2797.360107,2801.189941,2793.389893,2798.429932
2018/7/17,2789.340088,2814.189941,2789.23999,2809.550049
2018/7/18,2811.350098,2816.76001,2805.889893,2815.620117
2018/7/19,2809.370117,2812.050049,2799.77002,2804.48999
2018/7/20,2804.550049,2809.699951,2800.01001,2801.830078
2018/7/23,2799.169922,2808.610107,2795.139893,2806.97998
2018/7/24,2820.679932,2829.98999,2811.120117,2820.399902
2018/7/25,2817.72998,2848.030029,2817.72998,2846.070068
2018/7/26,2835.48999,2845.570068,2835.26001,2837.439941
2018/7/27,2842.350098,2843.169922,2808.340088,2818.820068
2018/7/30,2819,2821.73999,2798.110107,2802.600098
2018/7/31,2809.72998,2824.459961,2808.060059,2816.290039
2018/8/1,2821.169922,2825.830078,2805.850098,2813.360107
2018/8/2,2800.47998,2829.909912,2796.340088,2827.219971
2018/8/3,2829.620117,2840.379883,2827.370117,2840.350098
2018/8/6,2840.290039,2853.290039,2835.97998,2850.399902
2018/8/7,2855.919922,2863.429932,2855.919922,2858.449951
2018/8/8,2856.790039,2862.439941,2853.090088,2857.699951
2018/8/9,2857.189941,2862.47998,2851.97998,2853.580078
2018/8/10,2838.899902,2842.199951,2825.810059,2833.280029
2018/8/13,2835.459961,2843.399902,2819.879883,2821.929932
2018/8/14,2827.879883,2843.110107,2826.580078,2839.959961
2018/8/15,2827.949951,2827.949951,2802.48999,2818.370117
2018/8/16,2831.439941,2850.48999,2831.439941,2840.689941
2018/8/17,2838.320068,2855.629883,2833.72998,2850.129883
2018/8/20,2853.929932,2859.76001,2850.620117,2857.050049
2018/8/21,2861.51001,2873.22998,2861.320068,2862.959961
2018/8/22,2860.98999,2867.540039,2856.050049,2861.820068
2018/8/23,2860.290039,2868.780029,2854.030029,2856.97998
2018/8/24,2862.350098,2876.159912,2862.350098,2874.689941
2018/8/27,2884.689941,2898.25,2884.689941,2896.73999
2018/8/28,2901.449951,2903.77002,2893.5,2897.52002
2018/8/29,2900.620117,2916.5,2898.399902,2914.040039
2018/8/30,2908.939941,2912.459961,2895.219971,2901.129883
2018/8/31,2898.370117,2906.320068,2891.72998,2901.52002
2018/9/4,2896.959961,2900.179932,2885.129883,2896.719971
2018/9/5,2891.590088,2894.209961,2876.919922,2888.600098
2018/9/6,2888.639893,2892.050049,2867.290039,2878.050049
2018/9/7,2868.26001,2883.810059,2864.120117,2871.679932
2018/9/10,2881.389893,2886.929932,2875.939941,2877.129883
2018/9/11,2871.570068,2892.52002,2866.780029,2887.889893
2018/9/12,2888.290039,2894.649902,2879.199951,2888.919922
2018/9/13,2896.850098,2906.76001,2896.389893,2904.179932
2018/9/14,2906.379883,2908.300049,2895.77002,2904.97998
2018/9/17,2903.830078,2904.649902,2886.159912,2888.800049
2018/9/18,2890.73999,2911.169922,2890.429932,2904.310059
2018/9/19,2906.600098,2912.360107,2903.820068,2907.949951
2018/9/20,2919.72998,2934.800049,2919.72998,2930.75
2018/9/21,2936.76001,2940.909912,2927.110107,2929.669922
2018/9/24,2921.830078,2923.790039,2912.629883,2919.370117
2018/9/25,2921.75,2923.949951,2913.699951,2915.560059
2018/9/26,2916.97998,2931.149902,2903.280029,2905.969971
2018/9/27,2911.649902,2927.219971,2909.27002,2914
2018/9/28,2910.030029,2920.530029,2907.5,2913.97998
2018/10/1,2926.290039,2937.060059,2917.909912,2924.590088
2018/10/2,2923.800049,2931.419922,2919.370117,2923.429932
2018/10/3,2931.689941,2939.860107,2921.360107,2925.51001
2018/10/4,2919.350098,2919.780029,2883.919922,2901.610107
2018/10/5,2902.540039,2909.639893,2869.290039,2885.570068
2018/10/8,2877.530029,2889.449951,2862.080078,2884.429932
2018/10/9,2882.51001,2894.830078,2874.27002,2880.340088
2018/10/10,2873.899902,2874.02002,2784.860107,2785.679932
2018/10/11,2776.870117,2795.139893,2710.51001,2728.370117
2018/10/12,2770.540039,2775.77002,2729.439941,2767.129883
2018/10/15,2763.830078,2775.98999,2749.030029,2750.790039
2018/10/16,2767.050049,2813.459961,2766.909912,2809.919922
2018/10/17,2811.669922,2816.939941,2781.810059,2809.209961
2018/10/18,2802,2806.040039,2755.179932,2768.780029
2018/10/19,2775.659912,2797.77002,2760.27002,2767.780029
2018/10/22,2773.939941,2778.939941,2749.219971,2755.879883
2018/10/23,2721.030029,2753.590088,2691.429932,2740.689941
2018/10/24,2737.870117,2742.590088,2651.889893,2656.100098
2018/10/25,2674.879883,2722.699951,2667.840088,2705.570068
2018/10/26,2667.860107,2692.379883,2628.159912,2658.689941
2018/10/29,2682.649902,2706.850098,2603.540039,2641.25
2018/10/30,2640.679932,2685.429932,2635.340088,2682.629883
2018/10/31,2705.600098,2736.689941,2705.600098,2711.73999
2018/11/1,2717.580078,2741.669922,2708.850098,2740.370117
2018/11/2,2745.449951,2756.550049,2700.439941,2723.060059
2018/11/5,2726.370117,2744.27002,2717.939941,2738.310059
2018/11/6,2738.399902,2756.820068,2737.080078,2755.449951
2018/11/7,2774.129883,2815.149902,2774.129883,2813.889893
2018/11/8,2806.379883,2814.75,2794.98999,2806.830078
2018/11/9,2794.100098,2794.100098,2764.23999,2781.01001
2018/11/12,2773.929932,2775.98999,2722,2726.219971
2018/11/13,2730.050049,2754.600098,2714.97998,2722.179932
2018/11/14,2737.899902,2746.800049,2685.75,2701.580078
2018/11/15,2693.52002,2735.379883,2670.75,2730.199951
2018/11/16,2718.540039,2746.75,2712.159912,2736.27002
2018/11/19,2730.73999,2733.159912,2681.090088,2690.72998
2018/11/20,2654.600098,2669.439941,2631.52002,2641.889893
2018/11/21,2657.73999,2670.72998,2649.820068,2649.929932
2018/11/23,2633.360107,2647.550049,2631.090088,2632.560059
2018/11/26,2649.969971,2674.350098,2649.969971,2673.449951
2018/11/27,2663.75,2682.530029,2655.889893,2682.169922
2018/11/28,2691.449951,2744,2684.379883,2743.790039
2018/11/29,2736.969971,2753.75,2722.939941,2737.800049
2018/11/30,2737.76001,2760.879883,2732.76001,2760.169922
2018/12/3,2790.5,2800.179932,2773.379883,2790.370117
2018/12/4,2782.429932,2785.929932,2697.179932,2700.060059
2018/12/6,2663.51001,2696.149902,2621.530029,2695.949951
2018/12/7,2691.26001,2708.540039,2623.139893,2633.080078
2018/12/10,2630.860107,2647.51001,2583.22998,2637.719971
2018/12/11,2664.439941,2674.350098,2621.300049,2636.780029
2018/12/12,2658.22998,2685.439941,2650.26001,2651.070068
2018/12/13,2658.699951,2670.189941,2637.27002,2650.540039
2018/12/14,2629.679932,2635.070068,2593.840088,2599.949951
2018/12/17,2590.75,2601.129883,2530.540039,2545.939941
2018/12/18,2559.899902,2573.98999,2528.709961,2546.159912
2018/12/19,2547.050049,2585.290039,2488.959961,2506.959961
2018/12/20,2496.77002,2509.629883,2441.179932,2467.419922
2018/12/21,2465.379883,2504.409912,2408.550049,2416.620117
2018/12/24,2400.560059,2410.340088,2351.100098,2351.100098
2018/12/26,2363.120117,2467.76001,2346.580078,2467.699951
2018/12/27,2442.5,2489.100098,2397.939941,2488.830078
2018/12/28,2498.77002,2520.27002,2472.889893,2485.73999
2018/12/31,2498.939941,2509.23999,2482.820068,2506.850098
2019/1/2,2476.959961,2519.48999,2467.469971,2510.030029
2019/1/3,2491.919922,2493.139893,2443.959961,2447.889893
2019/1/4,2474.330078,2538.070068,2474.330078,2531.939941
2019/1/7,2535.610107,2566.159912,2524.560059,2549.689941
2019/1/8,2568.110107,2579.820068,2547.560059,2574.409912
2019/1/9,2580,2595.320068,2568.889893,2584.959961
2019/1/10,2573.51001,2597.820068,2562.02002,2596.639893
2019/1/11,2588.110107,2596.27002,2577.399902,2596.26001
2019/1/14,2580.310059,2589.320068,2570.409912,2582.610107
2019/1/15,2585.100098,2613.080078,2585.100098,2610.300049
2019/1/16,2614.75,2625.76001,2612.679932,2616.100098
2019/1/17,2609.280029,2645.060059,2606.360107,2635.959961
2019/1/18,2651.27002,2675.469971,2647.580078,2670.709961
2019/1/22,2657.879883,2657.879883,2617.27002,2632.899902
2019/1/23,2643.47998,2653.189941,2612.860107,2638.699951
2019/1/24,2638.840088,2647.199951,2627.01001,2642.330078
2019/1/25,2657.439941,2672.379883,2657.330078,2664.76001
2019/1/28,2644.969971,2644.969971,2624.060059,2643.850098
2019/1/29,2644.889893,2650.929932,2631.050049,2640
2019/1/30,2653.620117,2690.439941,2648.340088,2681.050049
2019/1/31,2685.48999,2708.949951,2678.649902,2704.100098
2019/2/1,2702.320068,2716.659912,2696.879883,2706.530029
2019/2/4,2706.48999,2724.98999,2698.75,2724.870117
2019/2/5,2728.340088,2738.97998,2724.030029,2737.699951
2019/2/6,2735.050049,2738.080078,2724.149902,2731.610107
2019/2/7,2717.530029,2719.320068,2687.26001,2706.050049
2019/2/8,2692.360107,2708.070068,2681.830078,2707.879883
2019/2/11,2712.399902,2718.050049,2703.790039,2709.800049
2019/2/12,2722.610107,2748.189941,2722.610107,2744.72998
2019/2/13,2750.300049,2761.850098,2748.629883,2753.030029
2019/2/14,2743.5,2757.899902,2731.22998,2745.72998
2019/2/15,2760.23999,2775.659912,2760.23999,2775.600098
2019/2/19,2769.280029,2787.330078,2767.290039,2779.76001
2019/2/20,2779.050049,2789.879883,2774.060059,2784.699951
2019/2/21,2780.23999,2781.580078,2764.550049,2774.879883
2019/2/22,2780.669922,2794.199951,2779.110107,2792.669922
2019/2/25,2804.350098,2813.48999,2794.98999,2796.110107
2019/2/26,2792.360107,2803.120117,2789.469971,2793.899902
2019/2/27,2787.5,2795.76001,2775.129883,2792.379883
2019/2/28,2788.110107,2793.72998,2782.51001,2784.48999
2019/3/1,2798.219971,2808.02002,2787.379883,2803.689941
2019/3/4,2814.370117,2816.879883,2767.659912,2792.810059
2019/3/5,2794.409912,2796.439941,2782.969971,2789.649902
2019/3/6,2790.27002,2790.27002,2768.689941,2771.449951
2019/3/7,2766.530029,2767.25,2739.090088,2748.929932
2019/3/8,2730.790039,2744.129883,2722.27002,2743.070068
2019/3/11,2747.610107,2784,2747.610107,2783.300049
2019/3/12,2787.340088,2798.320068,2786.72998,2791.52002
2019/3/13,2799.780029,2821.23999,2799.780029,2810.919922
2019/3/14,2810.379883,2815,2803.459961,2808.47998
2019/3/15,2810.790039,2830.72998,2810.790039,2822.47998
2019/3/18,2822.610107,2835.409912,2821.98999,2832.939941
2019/3/19,2840.76001,2852.419922,2823.27002,2832.570068
2019/3/20,2831.340088,2843.540039,2812.429932,2824.22998
2019/3/21,2819.719971,2860.310059,2817.379883,2854.879883
2019/3/22,2844.52002,2846.159912,2800.469971,2800.709961
2019/3/25,2796.01001,2809.790039,2785.02002,2798.360107
2019/3/26,2812.659912,2829.870117,2803.98999,2818.459961
2019/3/27,2819.719971,2825.560059,2787.719971,2805.370117
2019/3/28,2809.399902,2819.709961,2798.77002,2815.439941
2019/3/29,2828.27002,2836.030029,2819.22998,2834.399902
2019/4/1,2848.629883,2869.399902,2848.629883,2867.189941
2019/4/2,2868.23999,2872.899902,2858.75,2867.23999
2019/4/3,2876.090088,2885.25,2865.169922,2873.399902
2019/4/4,2873.98999,2881.280029,2867.139893,2879.389893
2019/4/5,2884.159912,2893.23999,2882.98999,2892.73999
2019/4/8,2888.459961,2895.949951,2880.780029,2895.77002
2019/4/9,2886.580078,2886.879883,2873.330078,2878.199951
2019/4/10,2881.370117,2889.709961,2879.129883,2888.209961
2019/4/11,2891.919922,2893.419922,2881.98999,2888.320068
2019/4/12,2900.860107,2910.540039,2898.370117,2907.409912
2019/4/15,2908.320068,2909.600098,2896.47998,2905.580078
2019/4/16,2912.26001,2916.060059,2900.709961,2907.060059
2019/4/17,2916.040039,2918,2895.449951,2900.449951
2019/4/18,2904.810059,2908.399902,2891.899902,2905.030029
2019/4/22,2898.780029,2909.51001,2896.350098,2907.969971
2019/4/23,2909.98999,2936.310059,2908.530029,2933.679932
2019/4/24,2934,2936.830078,2926.050049,2927.25
2019/4/25,2928.98999,2933.100098,2912.840088,2926.169922
2019/4/26,2925.810059,2939.879883,2917.560059,2939.879883
2019/4/29,2940.580078,2949.52002,2939.350098,2943.030029
2019/4/30,2937.139893,2948.219971,2924.110107,2945.830078
2019/5/1,2952.330078,2954.129883,2923.360107,2923.72998
2019/5/2,2922.159912,2931.679932,2900.5,2917.52002
2019/5/3,2929.209961,2947.850098,2929.209961,2945.639893
2019/5/6,2908.889893,2937.320068,2898.209961,2932.469971
2019/5/7,2913.030029,2913.030029,2862.600098,2884.050049
2019/5/8,2879.610107,2897.959961,2873.280029,2879.419922
2019/5/9,2859.840088,2875.969971,2836.399902,2870.719971
2019/5/10,2863.100098,2891.310059,2825.389893,2881.399902
2019/5/13,2840.189941,2840.189941,2801.429932,2811.870117
2019/5/14,2820.120117,2852.540039,2820.120117,2834.409912
2019/5/15,2820.379883,2858.679932,2815.080078,2850.959961
2019/5/16,2855.800049,2892.149902,2855.800049,2876.320068
2019/5/17,2858.600098,2885.47998,2854.22998,2859.530029
2019/5/20,2841.939941,2853.860107,2831.290039,2840.22998
2019/5/21,2854.02002,2868.879883,2854.02002,2864.360107
2019/5/22,2856.060059,2865.469971,2851.110107,2856.27002
2019/5/23,2836.699951,2836.699951,2805.48999,2822.23999
2019/5/24,2832.409912,2841.360107,2820.189941,2826.060059
2019/5/28,2830.030029,2840.51001,2801.580078,2802.389893
2019/5/29,2790.25,2792.030029,2766.060059,2783.02002
2019/5/30,2786.939941,2799,2776.73999,2788.860107
2019/5/31,2766.149902,2768.97998,2750.52002,2752.060059
2019/6/3,2751.530029,2763.070068,2728.810059,2744.449951
2019/6/4,2762.639893,2804.48999,2762.639893,2803.27002
2019/6/5,2818.090088,2827.280029,2800.919922,2826.149902
2019/6/6,2828.51001,2852.100098,2822.449951,2843.48999
2019/6/7,2852.870117,2884.969971,2852.870117,2873.340088
2019/6/10,2885.830078,2904.77002,2885.51001,2886.72998
2019/6/11,2903.27002,2910.610107,2878.530029,2885.719971
2019/6/12,2882.72998,2888.570068,2874.679932,2879.840088
2019/6/13,2886.23999,2895.23999,2881.98999,2891.639893
2019/6/14,2886.820068,2894.449951,2879.620117,2886.97998
2019/6/17,2889.75,2897.27002,2887.300049,2889.669922
2019/6/18,2906.709961,2930.790039,2905.439941,2917.75
2019/6/19,2920.550049,2931.73999,2911.429932,2926.459961
2019/6/20,2949.600098,2958.060059,2931.5,2954.179932
2019/6/21,2952.709961,2964.149902,2946.870117,2950.459961
2019/6/24,2951.419922,2954.919922,2944.050049,2945.350098
2019/6/25,2945.780029,2946.52002,2916.01001,2917.379883
2019/6/26,2926.070068,2932.590088,2912.98999,2913.780029
2019/6/27,2919.659912,2929.300049,2918.570068,2924.919922
2019/6/28,2932.939941,2943.97998,2929.050049,2941.76001
2019/7/1,2971.409912,2977.929932,2952.219971,2964.330078
2019/7/2,2964.659912,2973.209961,2955.919922,2973.01001
2019/7/3,2978.080078,2995.840088,2977.959961,2995.820068
2019/7/5,2984.25,2994.030029,2967.969971,2990.409912
2019/7/8,2979.77002,2980.76001,2970.090088,2975.949951
2019/7/9,2965.52002,2981.899902,2963.439941,2979.629883
2019/7/10,2989.300049,3002.97998,2984.620117,2993.070068
2019/7/11,2999.620117,3002.330078,2988.800049,2999.909912
2019/7/12,3003.360107,3013.919922,3001.870117,3013.77002
2019/7/15,3017.800049,3017.800049,3008.77002,3014.300049
2019/7/16,3012.129883,3015.02002,3001.149902,3004.040039
2019/7/17,3005.100098,3005.26001,2984.25,2984.419922
2019/7/18,2978.870117,2998.280029,2973.090088,2995.110107
2019/7/19,3004.26001,3006.02002,2975.860107,2976.610107
2019/7/22,2981.929932,2990.709961,2976.649902,2985.030029
2019/7/23,2994.73999,3005.899902,2988.560059,3005.469971
2019/7/24,2998.77002,3019.590088,2996.820068,3019.560059
2019/7/25,3016.26001,3016.310059,2997.23999,3003.669922
2019/7/26,3013.25,3027.97998,3012.590088,3025.860107
2019/7/29,3024.469971,3025.610107,3014.300049,3020.969971
2019/7/30,3007.659912,3017.189941,3000.939941,3013.179932
2019/7/31,3016.219971,3017.399902,2958.080078,2980.379883
2019/8/1,2980.320068,3013.590088,2945.22998,2953.560059
2019/8/2,2943.899902,2945.5,2914.110107,2932.050049
2019/8/5,2898.070068,2898.070068,2822.120117,2844.73999
2019/8/6,2861.179932,2884.399902,2847.419922,2881.77002
2019/8/7,2858.649902,2892.169922,2825.709961,2883.97998
2019/8/8,2896.209961,2938.719971,2894.469971,2938.090088
2019/8/9,2930.51001,2935.75,2900.149902,2918.649902
2019/8/12,2907.070068,2907.580078,2873.139893,2882.699951
2019/8/13,2880.719971,2943.310059,2877.050049,2926.320068
2019/8/14,2894.149902,2894.149902,2839.639893,2840.600098
2019/8/15,2846.199951,2856.669922,2825.51001,2847.600098
2019/8/16,2864.73999,2893.629883,2864.73999,2888.679932
2019/8/19,2913.47998,2931,2913.47998,2923.649902
2019/8/20,2919.01001,2923.629883,2899.600098,2900.51001
2019/8/21,2922.040039,2928.72998,2917.909912,2924.429932
2019/8/22,2930.939941,2939.080078,2904.51001,2922.949951
2019/8/23,2911.070068,2927.01001,2834.969971,2847.110107
2019/8/26,2866.699951,2879.27002,2856,2878.379883
2019/8/27,2893.139893,2898.790039,2860.590088,2869.159912
2019/8/28,2861.280029,2890.030029,2853.050049,2887.939941
2019/8/29,2910.370117,2930.5,2905.669922,2924.580078
2019/8/30,2937.090088,2940.429932,2913.320068,2926.459961
2019/9/3,2909.01001,2914.389893,2891.850098,2906.27002
2019/9/4,2924.669922,2938.840088,2921.860107,2937.780029
2019/9/5,2960.600098,2985.860107,2960.600098,2976
2019/9/6,2980.330078,2985.030029,2972.51001,2978.709961
2019/9/9,2988.429932,2989.429932,2969.389893,2978.429932
2019/9/10,2971.01001,2979.389893,2957.01001,2979.389893
2019/9/11,2981.409912,3000.929932,2975.310059,3000.929932
2019/9/12,3009.080078,3020.73999,3000.919922,3009.570068
2019/9/13,3012.209961,3017.330078,3002.899902,3007.389893
2019/9/16,2996.409912,3002.189941,2990.669922,2997.959961
2019/9/17,2995.669922,3006.209961,2993.72998,3005.699951
2019/9/18,3001.5,3007.830078,2978.570068,3006.72998
2019/9/19,3010.360107,3021.98999,3003.159912,3006.790039
2019/9/20,3008.419922,3016.370117,2984.679932,2992.070068
2019/9/23,2983.5,2999.149902,2982.22998,2991.780029
2019/9/24,3002.429932,3007.97998,2957.72998,2966.600098
2019/9/25,2968.350098,2989.820068,2952.860107,2984.870117
2019/9/26,2985.72998,2987.280029,2963.709961,2977.620117
2019/9/27,2985.469971,2987.310059,2945.530029,2961.790039
2019/9/30,2967.070068,2983.850098,2967.070068,2976.73999
2019/10/1,2983.689941,2992.530029,2938.699951,2940.25
2019/10/2,2924.780029,2924.780029,2874.929932,2887.610107
2019/10/3,2885.379883,2911.129883,2855.939941,2910.629883
2019/10/4,2918.560059,2953.73999,2918.560059,2952.01001
2019/10/7,2944.22998,2959.75,2935.679932,2938.790039
2019/10/8,2920.399902,2925.469971,2892.659912,2893.060059
2019/10/9,2911.100098,2929.320068,2907.409912,2919.399902
2019/10/10,2918.550049,2948.459961,2917.120117,2938.129883
2019/10/11,2963.070068,2993.280029,2963.070068,2970.27002
2019/10/14,2965.810059,2972.840088,2962.939941,2966.149902
2019/10/15,2973.610107,3003.280029,2973.610107,2995.679932
2019/10/16,2989.679932,2997.540039,2985.199951,2989.689941
2019/10/17,3000.77002,3008.290039,2991.790039,2997.949951
2019/10/18,2996.840088,3000,2976.310059,2986.199951
2019/10/21,2996.47998,3007.330078,2995.350098,3006.719971
2019/10/22,3010.72998,3014.570068,2995.040039,2995.98999
2019/10/23,2994.01001,3004.780029,2991.209961,3004.52002
2019/10/24,3014.780029,3016.070068,3000.419922,3010.290039
2019/10/25,3003.320068,3027.389893,3001.939941,3022.550049
2019/10/28,3032.120117,3044.080078,3032.120117,3039.419922
2019/10/29,3035.389893,3047.870117,3034.810059,3036.889893
2019/10/30,3039.73999,3050.100098,3025.959961,3046.77002
2019/10/31,3046.899902,3046.899902,3023.189941,3037.560059
2019/11/1,3050.719971,3066.949951,3050.719971,3066.909912
2019/11/4,3078.959961,3085.199951,3074.870117,3078.27002
2019/11/5,3080.800049,3083.949951,3072.149902,3074.620117
2019/11/6,3075.100098,3078.340088,3065.889893,3076.780029
2019/11/7,3087.02002,3097.77002,3080.22998,3085.179932
2019/11/8,3081.25,3093.090088,3073.580078,3093.080078
2019/11/11,3080.330078,3088.330078,3075.820068,3087.01001
2019/11/12,3089.280029,3102.610107,3084.72998,3091.840088
2019/11/13,3084.179932,3098.060059,3078.800049,3094.040039
2019/11/14,3090.75,3098.199951,3083.26001,3096.629883
2019/11/15,3107.919922,3120.459961,3104.600098,3120.459961
2019/11/18,3117.909912,3124.169922,3112.060059,3122.030029
2019/11/19,3127.449951,3127.639893,3113.469971,3120.179932
2019/11/20,3114.659912,3118.969971,3091.409912,3108.459961
2019/11/21,3108.48999,3110.110107,3094.550049,3103.540039
2019/11/22,3111.409912,3112.870117,3099.26001,3110.290039
2019/11/25,3117.439941,3133.830078,3117.439941,3133.639893
2019/11/26,3134.850098,3142.689941,3131,3140.52002
2019/11/27,3145.48999,3154.26001,3143.409912,3153.629883
2019/11/29,3147.179932,3150.300049,3139.340088,3140.97998
2019/12/2,3143.850098,3144.310059,3110.780029,3113.870117
2019/12/3,3087.409912,3094.969971,3070.330078,3093.199951
2019/12/4,3103.5,3119.379883,3102.530029,3112.76001
2019/12/5,3119.209961,3119.449951,3103.76001,3117.429932
2019/12/6,3134.620117,3150.600098,3134.620117,3145.909912
2019/12/9,3141.860107,3148.870117,3135.459961,3135.959961
2019/12/10,3135.360107,3142.120117,3126.090088,3132.52002
2019/12/11,3135.75,3143.97998,3133.209961,3141.629883
2019/12/12,3141.22998,3176.280029,3138.469971,3168.570068
2019/12/13,3166.649902,3182.679932,3156.51001,3168.800049
2019/12/16,3183.629883,3197.709961,3183.629883,3191.449951
2019/12/17,3195.399902,3198.219971,3191.030029,3192.52002
2019/12/18,3195.209961,3198.47998,3191.139893,3191.139893
2019/12/19,3192.320068,3205.47998,3192.320068,3205.370117
2019/12/20,3223.330078,3225.649902,3216.030029,3221.219971
2019/12/23,3226.050049,3227.780029,3222.300049,3224.01001
2019/12/24,3225.449951,3226.429932,3220.51001,3223.379883
2019/12/26,3227.199951,3240.080078,3227.199951,3239.909912
2019/12/27,3247.22998,3247.929932,3234.370117,3240.02002
2019/12/30,3240.090088,3240.919922,3216.570068,3221.290039
2019/12/31,3215.179932,3231.719971,3212.030029,3230.780029
