Date,Open,High,Low,Close,Volume
2015/1/2,164.710007,165.080002,162.729996,140.665863,2116400
2015/1/5,163,163.639999,160.080002,137.4935,3692900
2015/1/6,160.820007,161.369995,157.740005,136.027313,3532000
2015/1/7,159.899994,160.279999,158.940002,137.013367,3081300
2015/1/8,160.649994,163.690002,160.520004,140.297195,3142900
2015/1/9,163.850006,164,161.270004,138.573837,2378600
2015/1/12,162.389999,162.389999,160.020004,137.819321,2149200
2015/1/13,162.229996,164.380005,159.449997,137.716415,2703000
2015/1/14,159.039993,160.529999,158.5,137.047592,1983500
2015/1/15,160.889999,161.440002,159.369995,136.893311,1876800
2015/1/16,159.860001,162.179993,159.089996,138.899628,2349700
2015/1/20,162.720001,163.399994,160.059998,138.848221,2091800
2015/1/21,161.660004,163.369995,161.020004,139.362671,1597700
2015/1/22,163.259995,165.990005,162.130005,142.23494,2225800
2015/1/23,165.75,165.979996,163.910004,140.631622,2245600
2015/1/26,163.619995,164.279999,161.800003,140.820267,3556300
2015/1/27,162.309998,165.139999,160.940002,140.297195,4190700
2015/1/28,164.610001,166.570007,163.759995,140.563034,3574600
2015/1/29,164.070007,166.160004,162.880005,142.440704,2674600
2015/1/30,164.75,165.220001,162.300003,139.156845,3561900
2015/2/2,162.119995,164.619995,160.889999,140.974564,2379700
2015/2/3,165.169998,166.190002,164.710007,142.277863,2604800
2015/2/4,165.779999,165.830002,164.240005,141.30899,2363600
2015/2/5,165.309998,166.589996,164.75,142.800812,2050500
2015/2/6,166.229996,167.679993,165.559998,142.389297,1826900
2015/2/9,164.380005,165.539993,163.839996,141.334671,2073000
2015/2/10,165.399994,166.139999,164.600006,142.174973,1885100
2015/2/11,164.520004,164.970001,163.470001,141.903183,1695100
2015/2/12,164.929993,165.949997,164.850006,143.136902,1615700
2015/2/13,165.899994,166.619995,165.330002,143.162811,1792000
2015/2/17,165.940002,166.919998,165.089996,144.00827,2100900
2015/2/18,166.919998,167.509995,166.009995,144.422348,1552000
2015/2/19,167.399994,167.550003,166.580002,144.154922,1648800
2015/2/20,166.740005,168.270004,165.130005,145.043549,2416600
2015/2/23,168.139999,168.869995,167.699997,145.63884,1836000
2015/2/24,168.270004,169.25,168.070007,145.906265,1770300
2015/2/25,168.970001,169.660004,168.619995,145.707855,2019100
2015/2/26,168.850006,169.979996,168.639999,146.329041,1789400
2015/2/27,169.660004,169.75,168.559998,145.500778,1946000
2015/3/2,168.160004,170.5,168.119995,147.096848,2223100
2015/3/3,169.570007,169.600006,167.360001,145.172943,2232400
2015/3/4,168.259995,168.259995,166.460007,144.215332,1575700
2015/3/5,167.210007,167.699997,166.690002,144.569031,1547200
2015/3/6,166.5,166.770004,164.009995,141.799637,2114400
2015/3/9,164.720001,166.779999,164.509995,143.533737,1608100
2015/3/10,164.809998,164.860001,162.25,139.987885,2564600
2015/3/11,162.699997,163.220001,161.660004,139.530655,1894300
2015/3/12,162.589996,164.520004,162.570007,141.894531,1715000
2015/3/13,164.020004,164.389999,161.779999,140.402023,2284700
2015/3/16,163.580002,166.270004,163.580002,143.395721,2111200
2015/3/17,165.520004,165.529999,163.380005,141.6875,2557900
2015/3/18,163.160004,166.949997,162.050003,143.62001,3062400
2015/3/19,166.160004,166.210007,164.850006,142.921188,1953500
2015/3/20,166.089996,167.130005,165.389999,143.637299,4371800
2015/3/23,166.830002,166.910004,165.830002,143.326691,2157300
2015/3/24,165.580002,167.649994,165.529999,143.490601,2091000
2015/3/25,166.240005,166.520004,162.660004,140.367493,2540900
2015/3/26,162,163.369995,161.210007,140.272629,2050700
2015/3/27,162.360001,163.899994,162.020004,141.057709,1722600
2015/3/30,164.199997,166.770004,164.199997,143.257706,1684000
2015/3/31,165.410004,166,164.619995,142.30864,2081300
2015/4/1,164.289993,164.539993,161.899994,140.212234,2148100
2015/4/2,163.380005,163.970001,162.119995,140.453766,1852600
2015/4/6,161.660004,165.990005,161.399994,142.7659,2560300
2015/4/7,165.399994,167.570007,165.279999,143.395721,2479500
2015/4/8,166.210007,167.220001,165.210007,143.447495,1754400
2015/4/9,166.25,167.179993,165.080002,143.896103,1680100
2015/4/10,167.5,167.699997,166.220001,144.13768,1501900
2015/4/13,166.759995,167.360001,165.600006,143.076492,1860400
2015/4/14,165.320007,166.479996,164.169998,143.205917,1914300
2015/4/15,166.720001,167.339996,165.860001,143.594131,1995800
2015/4/16,165.729996,166.649994,165.100006,143.119629,1662800
2015/4/17,164.529999,164.539993,161.130005,139.513382,3063500
2015/4/20,163,165.389999,162.729996,141.929062,2394200
2015/4/21,165.649994,165.699997,163.619995,141.489075,1970500
2015/4/22,163.809998,164.889999,162.570007,142.067108,2228800
2015/4/23,159.539993,161.449997,158.610001,137.744781,5704500
2015/4/24,159.809998,159.809998,157.850006,137.166763,3043500
2015/4/27,159.479996,160.070007,157.809998,136.295364,3448800
2015/4/28,157.690002,158.360001,156.179993,136.597351,3387900
2015/4/29,157.419998,157.929993,156.179993,135.423981,3078600
2015/4/30,156.820007,157.919998,156.009995,134.923615,3510200
2015/5/1,156.789993,158.089996,156.789993,136.03656,2160100
2015/5/4,158.399994,159.850006,157.880005,137.192642,2240300
2015/5/5,158.860001,159.449997,157.410004,136.235001,1947700
2015/5/6,157.919998,159.080002,156.550003,136.002014,2203100
2015/5/7,157.229996,159.199997,157.229996,136.838898,2112900
2015/5/8,160.25,161.399994,160.059998,138.555756,2025500
2015/5/11,160.259995,161,159.800003,137.951813,1708700
2015/5/12,158.710007,160.399994,158.009995,138.098495,1864800
2015/5/13,160.429993,161.740005,160.360001,139.168289,2587900
2015/5/14,162.089996,163.300003,161.800003,140.755753,2462500
2015/5/15,163.149994,163.770004,162.649994,140.885147,1923800
2015/5/18,163,163.589996,162.309998,140.514175,1747800
2015/5/19,163.070007,163.589996,162.550003,140.729828,2075100
2015/5/20,162.419998,163.070007,161.839996,140.560562,1978100
2015/5/21,161.899994,162.350006,161.800003,140.699448,2400800
2015/5/22,161.990005,162.330002,160.660004,139.76181,1822700
2015/5/26,160.979996,161.320007,159.039993,138.555008,2471100
2015/5/27,159.820007,161.309998,159.529999,139.796539,2625900
2015/5/28,160.350006,160.889999,159.610001,139.66629,1578100
2015/5/29,160.440002,160.789993,158.740005,138.112244,2880500
2015/6/1,159.100006,159.759995,158.570007,138.025436,1906100
2015/6/2,158.279999,159.880005,157.949997,138.112244,2481100
2015/6/3,159.610001,160.5,158.979996,139.049881,2074500
2015/6/4,159.509995,160.380005,158.089996,137.47847,2237600
2015/6/5,157.5,157.970001,156.970001,136.375854,2314800
2015/6/8,156.5,157.410004,156.300003,135.950455,1608600
2015/6/9,156.850006,158.259995,156.600006,136.289063,1810800
2015/6/10,156.949997,159.570007,156.949997,138.077499,1758900
2015/6/11,159.119995,160.360001,159,138.789429,1854200
2015/6/12,159.850006,159.990005,157.880005,137.209305,1910500
2015/6/15,157.080002,157.320007,155.389999,135.325317,2353100
2015/6/16,155.490005,157.039993,155.369995,135.863617,1729300
2015/6/17,156.600006,157.589996,155.75,136.262939,1839400
2015/6/18,157.589996,160.240005,157.389999,138.58107,2528900
2015/6/19,159.360001,159.880005,158.940002,137.999405,3287200
2015/6/22,159.850006,160.699997,159.449997,138.633179,1447400
2015/6/23,160.410004,160.869995,159.509995,138.772049,2286400
2015/6/24,159.679993,159.960007,157.539993,136.775253,2862900
2015/6/25,157.850006,158.320007,155.919998,135.368744,2564000
2015/6/26,156.160004,157.990005,155.929993,136.384521,2625500
2015/6/29,155.919998,156.440002,153.919998,133.658417,2475000
2015/6/30,155,155.300003,154.070007,133.96228,2561000
2015/7/1,156.130005,156.429993,154.660004,135.134354,1726800
2015/7/2,156.080002,156.080002,154.899994,134.899933,2022400
2015/7/6,153.889999,155.580002,153.830002,134.639465,2172200
2015/7/7,155.139999,155.630005,153.160004,134.943329,2865300
2015/7/8,154.080002,154.5,152.699997,132.581833,2613300
2015/7/9,154.589996,155.5,153.75,133.484787,2069200
2015/7/10,154.740005,155.860001,154.5,134.526581,2061300
2015/7/13,156.419998,156.770004,155.649994,135.846237,2107200
2015/7/14,156.490005,157.080002,156.279999,136.115417,1811400
2015/7/15,156.570007,157,155.899994,135.438202,1786100
2015/7/16,157.580002,157.940002,156.690002,136.453979,2023900
2015/7/17,156.5,157.369995,156.429993,136.037262,2429000
2015/7/20,156.770004,157.649994,156.270004,136.410553,2349000
2015/7/21,156.75,157.179993,155.339996,135.229858,2743900
2015/7/22,155.589996,156.309998,154.440002,134.92598,3067700
2015/7/23,151.919998,153.690002,149.020004,129.794952,5176400
2015/7/24,148.860001,150.800003,148.699997,129.647354,3433600
2015/7/27,148.639999,149,147.699997,129.1091,3117600
2015/7/28,148.850006,151.720001,148.320007,131.192734,3277700
2015/7/29,151.440002,151.690002,150.710007,131.487961,2176900
2015/7/30,151,151.729996,150.330002,131.592163,2119100
2015/7/31,152.529999,152.809998,151.029999,131.392426,1619600
2015/8/3,150.789993,151.779999,148.940002,130.333252,2355100
2015/8/4,150.929993,151.539993,150.110001,130.576309,1811900
2015/8/5,151.850006,153.240005,150.919998,131.105881,1765600
2015/8/6,150.889999,151.220001,148.899994,129.586548,1764800
2015/8/7,148.479996,150,148.160004,129.26535,1668700
2015/8/10,150,151.399994,149.889999,131.305588,1571800
2015/8/11,150,150,148.259995,128.909378,1810800
2015/8/12,147.240005,148.710007,146.070007,128.944122,2036700
2015/8/13,148,148.559998,147.080002,127.971748,1793100
2015/8/14,147.660004,148.509995,147.320007,128.735733,1401900
2015/8/17,147.429993,149.309998,146.360001,129.569214,1648900
2015/8/18,148.630005,148.919998,147.880005,128.761795,1705500
2015/8/19,146.199997,147.550003,145.279999,127.524757,2525700
2015/8/20,144.509995,144.869995,143.339996,125.321655,3281700
2015/8/21,143.520004,145.320007,141.919998,124.220154,5442000
2015/8/24,137.119995,142.089996,134,121.151596,7359500
2015/8/25,141.860001,142.059998,137.389999,120.329796,5435900
2015/8/26,140,142.789993,138.529999,124.770935,4562200
2015/8/27,143.75,144.949997,141.330002,125.802513,4104600
2015/8/28,143.020004,144.320007,142.800003,126.07354,2664100
2015/8/31,143,143.830002,142.020004,124.263855,2514900
2015/9/1,139.479996,140.490005,137.940002,121.081635,3671400
2015/9/2,140.539993,141.240005,139.240005,123.477058,3312700
2015/9/3,141.940002,142.899994,141.309998,123.914154,2606200
2015/9/4,139.940002,140.669998,139.160004,122.253113,3195800
2015/9/8,142.050003,143.550003,141.520004,125.391586,2432900
2015/9/9,144.860001,145.350006,140.570007,123.144844,2642800
2015/9/10,141,141.910004,140.149994,123.074883,2031200
2015/9/11,140.610001,141.330002,139.770004,123.494499,2505200
2015/9/14,141.520004,141.580002,140.029999,123.101158,2277200
2015/9/15,141.559998,143.839996,141.039993,125.540222,2690800
2015/9/16,143.509995,144.460007,143.210007,126.064819,2060300
2015/9/17,143.809998,145.550003,142.520004,124.971992,2855100
2015/9/18,141.169998,141.300003,139.210007,122.060799,6526000
2015/9/21,140.5,141.080002,139.350006,122.427956,2492600
2015/9/22,138.270004,138.509995,137.25,120.662018,2775300
2015/9/23,138.529999,138.899994,136.860001,120.34729,2684500
2015/9/24,136.630005,138.029999,135.389999,120.277344,2690300
2015/9/25,139.619995,140.119995,138.570007,122.008347,3767200
2015/9/28,138.300003,139.699997,138.300003,120.97673,3468900
2015/9/29,138.619995,142.160004,138.429993,123.748062,4946000
2015/9/30,142.520004,143.229996,140.5,123.940422,3619300
2015/10/1,142.210007,142.5,139.580002,123.092377,2486300
2015/10/2,139.080002,143.300003,138.570007,125.190544,3064400
2015/10/5,144.300003,146.600006,143.630005,127.918152,2987200
2015/10/6,145.990005,146.639999,145.399994,127.454819,2256800
2015/10/7,146.740005,148.539993,146.130005,128.984741,1954000
2015/10/8,146.649994,149.559998,146.589996,130.680756,2008800
2015/10/9,149.559998,150.649994,149.300003,131.047928,2294000
2015/10/12,150.259995,150.559998,149.539993,131.187775,1429300
2015/10/13,148.910004,150,148.729996,130.357315,2027600
2015/10/14,149,149.660004,148.179993,129.666641,2260300
2015/10/15,149.639999,149.880005,148.020004,130.427216,2588500
2015/10/16,149.770004,149.779999,147.479996,129.99884,2490300
2015/10/19,147.970001,148.419998,147.229996,129.386917,2004200
2015/10/20,147.449997,149.669998,147.130005,130.357315,2409300
2015/10/21,149.5,151.389999,148.899994,130.977982,3009900
2015/10/22,151.339996,157.039993,150.649994,136.380753,5111900
2015/10/23,156.539993,157.190002,154.5,136.197189,2997400
2015/10/26,156.059998,156.759995,155.639999,136.852829,2136100
2015/10/27,156,157,155.080002,137.018951,1970100
2015/10/28,156.490005,158.330002,156.199997,138.199188,2724700
2015/10/29,157.75,157.910004,156.880005,137.788269,1484600
2015/10/30,157.800003,158.679993,157.210007,137.438583,2672100
2015/11/2,157.509995,160.089996,157.339996,139.807755,2701800
2015/11/3,159.479996,159.800003,158.669998,138.784927,2972800
2015/11/4,159,159.479996,158.610001,138.924774,2254000
2015/11/5,159.380005,159.580002,158.270004,138.994751,2023900
2015/11/6,158.020004,159.259995,157.729996,139.230743,1860000
2015/11/9,158.669998,158.669998,156.75,137.665848,2421000
2015/11/10,157.229996,157.639999,156.429993,137.770813,1962900
2015/11/11,157.860001,159.490005,157.539993,139.04718,2518900
2015/11/12,157.779999,158.289993,156.160004,136.643051,2305600
2015/11/13,156,156.919998,155.600006,136.074799,2434500
2015/11/16,155.610001,158.259995,155.610001,138.312805,2395000
2015/11/17,158.360001,158.529999,156.520004,137.281219,2393000
2015/11/18,156.179993,157.5,156.080002,138.499985,2226900
2015/11/19,157.630005,158.509995,156.710007,139.37117,1518200
2015/11/20,158.679993,159.839996,158.339996,139.872742,1891100
2015/11/23,158.899994,159.770004,158.160004,139.60878,1430400
2015/11/24,157.369995,158.339996,156.889999,138.816772,2100600
2015/11/25,158.059998,158.470001,157.630005,138.711182,1184100
2015/11/27,157.509995,158.490005,156.940002,139.028,876100
2015/11/30,158.100006,158.470001,156.570007,137.787231,2934200
2015/12/1,156.410004,157.669998,156.169998,138.068817,2259000
2015/12/2,156.880005,157.25,155.509995,137.012833,2034700
2015/12/3,156.559998,156.899994,153.710007,135.851257,2609500
2015/12/4,154.789993,158.389999,154.570007,139.230377,2175800
2015/12/7,157.529999,158,156.809998,138.816772,2142800
2015/12/8,156.440002,157.860001,155.679993,137.972,2350400
2015/12/9,156.169998,158.240005,154.940002,137.320801,2660800
2015/12/10,155.729996,158.690002,155.589996,138.61438,2551200
2015/12/11,155.550003,156.399994,154.419998,136.247208,2523200
2015/12/14,155.289993,157.770004,154.339996,138.711182,3462200
2015/12/15,151.990005,153.020004,147.080002,130.351395,8645900
2015/12/16,148.149994,150.539993,147.740005,131.952957,4774100
2015/12/17,150.149994,150.860001,148.830002,130.984985,3053900
2015/12/18,148.210007,148.600006,146.759995,129.286636,5736400
2015/12/21,147.580002,148.330002,146.690002,129.779388,2284400
2015/12/22,148.119995,149.490005,147.279999,131.090576,2528700
2015/12/23,149.690002,151.580002,149.520004,133.017715,2215300
2015/12/24,150.820007,151.800003,150.580002,133.044128,848400
2015/12/28,151.130005,151.770004,150.270004,133.070511,1275200
2015/12/29,152.199997,153.259995,152,134.540054,1824700
2015/12/30,152.789993,153.699997,151.729996,133.67775,1553100
2015/12/31,151.729996,152.119995,150.630005,132.56012,1607100
2016/1/4,148.050003,148.320007,145.399994,129.198639,3277200
2016/1/5,146.820007,147.5,145.610001,129.761795,2688100
2016/1/6,145.589996,145.759995,143.419998,127.148254,2997100
2016/1/7,142.520004,143.130005,140.630005,124.050713,3553500
2016/1/8,141.360001,142.5,140.220001,123.628365,2664000
2016/1/11,140.970001,141.429993,139.410004,123.601959,2775500
2016/1/12,141.360001,142.149994,139.130005,123.953949,2363500
2016/1/13,140.889999,142.190002,138.539993,122.07077,2598300
2016/1/14,139.740005,142.440002,138.860001,124.235497,3720400
2016/1/15,138.300003,140.100006,137.210007,122.04438,4683500
2016/1/19,140.100006,140.800003,137.410004,121.78038,3399800
2016/1/20,136.949997,137.75,134.639999,120.521996,4136300
2016/1/21,136.960007,138.669998,136.149994,121.225998,3355200
2016/1/22,140.139999,140.429993,138.080002,122.774765,2979100
2016/1/25,138.960007,139.369995,137.529999,121.058846,2805500
2016/1/26,141.789993,145.020004,140.330002,127.403473,5129100
2016/1/27,144.949997,147.970001,144.050003,128.081024,3596400
2016/1/28,146.160004,147.839996,145.220001,129.638596,3067400
2016/1/29,148.240005,151,148,132.876953,3993200
2016/2/1,149.330002,149.789993,148.100006,130.879364,2701500
2016/2/2,147.589996,148.279999,146.050003,130.122589,3581800
2016/2/3,149.360001,152.850006,148.960007,134.214539,5766800
2016/2/4,152.419998,154.380005,151.779999,135.024048,3458400
2016/2/5,153.199997,153.880005,151.820007,135.050461,3368500
2016/2/8,151.630005,154.429993,151.009995,135.428879,2505400
2016/2/9,152.949997,155.759995,152.449997,136.16806,2968400
2016/2/10,154.429993,155.490005,152.119995,135.122177,2911900
2016/2/11,149.910004,152,149,133.544479,3182200
2016/2/12,150.669998,154.070007,150.669998,136.460541,2292200
2016/2/16,155,155.899994,154.259995,137.852081,2140600
2016/2/17,156,157.130005,155.600006,138.818192,2156100
2016/2/18,156.350006,156.970001,155.970001,138.960022,2010200
2016/2/19,157,157.089996,155.869995,138.667511,2121300
2016/2/22,156.449997,158.479996,156.449997,139.775436,2207600
2016/2/23,157.630005,157.690002,155.169998,138.419342,1922800
2016/2/24,154.839996,157.619995,153.639999,139.350037,1937800
2016/2/25,157.539993,159,157.009995,140.918808,1718100
2016/2/26,159.149994,159.5,158.080002,140.28067,1843700
2016/2/29,158.009995,159.119995,156.820007,139.03981,1993200
2016/3/1,158.75,159.699997,157.610001,141.450607,2204100
2016/3/2,158.880005,159.880005,158.539993,141.291077,1807200
2016/3/3,159.410004,159.690002,158.509995,141.264496,1926000
2016/3/4,159.460007,160.289993,158.919998,141.876068,1766300
2016/3/7,159.979996,160.570007,158.169998,142.319183,2012800
2016/3/8,159.399994,160.610001,159.350006,141.991257,2020100
2016/3/9,160.5,160.779999,159.520004,141.893799,1883000
2016/3/10,160.770004,160.800003,158.279999,141.716507,1875700
2016/3/11,161.139999,162.050003,160.649994,143.480331,1697200
2016/3/14,161.610001,162.770004,161,143.418289,1747300
2016/3/15,160.160004,162.5,159.350006,143.950104,1827900
2016/3/16,161.960007,163.300003,161.520004,144.375519,1927700
2016/3/17,163.160004,164.360001,162.839996,145.137787,2790000
2016/3/18,164.149994,165.330002,163.899994,146.538208,5853000
2016/3/21,165.050003,165.309998,164.410004,146.103882,2095100
2016/3/22,164.5,165.5,164.389999,146.16597,2146300
2016/3/23,164.600006,164.990005,163.460007,145.598679,2305000
2016/3/24,163.679993,164.539993,163.050003,145.76712,1868800
2016/3/28,164.929993,166.649994,164.580002,147.380234,2336700
2016/3/29,164.929993,164.990005,163.119995,145.705032,2525000
2016/3/30,165.369995,167.220001,165.160004,147.796799,2195300
2016/3/31,166.75,167.5,166.5,147.69046,1777200
2016/4/1,165.630005,167.740005,164.789993,148.488129,2011600
2016/4/4,167.110001,167.490005,165.919998,147.486588,2022800
2016/4/5,165.179993,166.550003,164.649994,146.963654,1617400
2016/4/6,165.339996,167.080002,164.839996,147.849976,2092200
2016/4/7,165.880005,167.229996,165.25,148.160217,2728300
2016/4/8,167.710007,167.990005,166.100006,147.69046,1729300
2016/4/11,167.119995,167.960007,166.570007,147.654999,1521100
2016/4/12,167.009995,168.399994,166.929993,148.931335,1636500
2016/4/13,168.470001,168.899994,167.710007,149.427689,1545900
2016/4/14,169,169,167.880005,149.046539,1213400
2016/4/15,168.320007,169,168.199997,149.596085,1417000
2016/4/18,168.470001,169.869995,168.389999,150.27858,1146600
2016/4/19,169.919998,170.770004,169.070007,150.367157,1849100
2016/4/20,170.139999,170.449997,168.619995,149.737885,1439700
2016/4/21,168.970001,169.699997,168.410004,149.4897,1635000
2016/4/22,169.089996,169.759995,167.850006,149.4897,1802300
2016/4/25,168,168.509995,166.639999,149.241501,2378300
2016/4/26,167.5,167.789993,164.970001,147.29158,3192100
2016/4/27,166.990005,168.380005,166.100006,148.691971,2227700
2016/4/28,166.850006,168.770004,166.199997,148.018417,1654700
2016/4/29,166.979996,167.779999,166.5,148.355194,1961200
2016/5/2,167.300003,168.5,166.940002,149.20607,1700300
2016/5/3,167.389999,168.070007,166.660004,148.878128,1922200
2016/5/4,166.369995,167.699997,166.289993,148.160217,2118100
2016/5/5,167.460007,168.330002,167.190002,148.700867,1680200
2016/5/6,167.839996,169.050003,167,149.693527,1630200
2016/5/9,168.589996,169.050003,167.690002,149.365601,1301300
2016/5/10,169.229996,170.389999,169,150.907806,1732600
2016/5/11,170.199997,171.270004,169.570007,150.473557,1786400
2016/5/12,169.860001,170.630005,168.759995,150.810349,1741900
2016/5/13,170.050003,170.380005,167.820007,149.188324,1875900
2016/5/16,168.5,169.899994,168.429993,150.27858,1826200
2016/5/17,169.570007,169.940002,167.089996,148.736313,2126000
2016/5/18,166.5,167.929993,165.759995,148.843399,1624400
2016/5/19,165.369995,166.059998,163.169998,147.317673,1657300
2016/5/20,165.25,166.470001,164.929993,147.228439,1746500
2016/5/23,165.279999,166.559998,164.520004,148.2099,1653500
2016/5/24,167.160004,168.789993,166.699997,150.458359,1627400
2016/5/25,169,170.360001,168.75,151.671814,1860000
2016/5/26,170.009995,170.770004,168.529999,150.708191,1563900
2016/5/27,168.910004,169.029999,168.279999,150.690323,1099100
2016/5/31,169.320007,169.75,167.660004,150.181747,2169600
2016/6/1,167.779999,168.929993,167.089996,150.511887,1228200
2016/6/2,168.710007,168.710007,167.270004,149.931885,1980500
2016/6/3,168.050003,168.660004,167.509995,150.235275,1433500
2016/6/6,168.850006,170.589996,168.589996,151.752075,1510700
2016/6/7,170.25,171.490005,170.220001,152.49263,1723100
2016/6/8,170.949997,171.929993,170.649994,152.947693,1684900
2016/6/9,170.5,171.470001,169.399994,151.796677,2208800
2016/6/10,169.270004,169.300003,167.880005,150.395874,2123400
2016/6/13,168.449997,168.639999,167.110001,149.11998,2129900
2016/6/14,167.289993,167.809998,166.600006,149.548264,2021400
2016/6/15,167.949997,168.860001,167.470001,149.717758,1694200
2016/6/16,167.350006,170.389999,166.619995,151.618256,2632100
2016/6/17,169.990005,170,168.419998,150.734955,3448000
2016/6/20,170.899994,172.800003,170.529999,152.778152,2162800
2016/6/21,171.179993,171.970001,171.059998,152.903076,1889100
2016/6/22,171.830002,172.600006,170.990005,152.778152,1369600
2016/6/23,172.710007,174.149994,172.460007,155.347824,2021600
2016/6/24,168.869995,171.539993,168.399994,150.895538,4567500
2016/6/27,167.779999,167.830002,165.160004,149.173523,2544100
2016/6/28,168.139999,169.669998,167.960007,151.31488,2237300
2016/6/29,171.020004,171.850006,170.360001,153.036926,1894100
2016/6/30,172.059998,175.139999,172.059998,156.248962,2449400
2016/7/1,175.139999,176.080002,174.910004,156.623703,1930900
2016/7/5,174.860001,175.779999,173.509995,156.703995,2353600
2016/7/6,175.199997,175.470001,174.059998,156.284683,2383300
2016/7/7,175.089996,175.639999,174.130005,156.025909,1842300
2016/7/8,175.869995,177.789993,175.820007,158.033463,2726600
2016/7/11,177.410004,178.470001,177.190002,158.82753,1659500
2016/7/12,178.75,179.630005,178.029999,159.853638,1912900
2016/7/13,179.220001,179.669998,178.690002,159.898224,1491500
2016/7/14,180.149994,181.320007,179.880005,161.406128,1904300
2016/7/15,181.5,181.839996,180.559998,161.852234,2475200
2016/7/18,181.440002,181.699997,180.75,161.593475,1224400
2016/7/19,181.110001,181.649994,180.289993,161.709457,1051300
2016/7/20,181.729996,182.270004,181.320007,161.870102,1413300
2016/7/21,181.289993,181.559998,179.699997,160.835068,1870800
2016/7/22,180.419998,180.529999,179.360001,160.995697,1205600
2016/7/25,180.199997,180.419998,178.919998,160.273026,1937000
2016/7/26,177.169998,178.990005,176.139999,158.515289,3421600
2016/7/27,177.410004,178.940002,177.410004,159.059525,2359700
2016/7/28,177.649994,178.369995,177.029999,158.800781,1799500
2016/7/29,178.110001,178.820007,177.619995,159.139832,1621900
2016/8/1,177.080002,178.539993,177.080002,159.077393,1598400
2016/8/2,178.580002,178.619995,177.240005,159.139832,2115100
2016/8/3,178.720001,179.130005,177.970001,159.157669,1419300
2016/8/4,178.960007,179.419998,177.639999,158.649109,1071800
2016/8/5,178.25,179.009995,177.369995,159.327194,1799500
2016/8/8,178.899994,179.020004,178.270004,159.336136,1327700
2016/8/9,178.369995,178.899994,177.940002,159.16658,1098900
2016/8/10,178.119995,178.850006,177.850006,159.550262,1226300
2016/8/11,179.080002,181.100006,178.880005,161.495331,2043400
2016/8/12,181.470001,181.470001,179.899994,160.844025,1232900
2016/8/15,181,181.389999,180.460007,161.102753,1268200
2016/8/16,180.119995,180.330002,179.210007,159.933929,1363600
2016/8/17,178.669998,180.089996,178.320007,161.487106,1358500
2016/8/18,179.699997,179.699997,178.580002,160.867645,1087900
2016/8/19,178.660004,179.779999,178.080002,161.253662,1305300
2016/8/22,179.179993,179.589996,178.369995,160.768875,1336400
2016/8/23,179.610001,180.539993,179.279999,161.397354,1195800
2016/8/24,179.410004,179.960007,179.009995,161.074127,1137100
2016/8/25,179.089996,180.320007,179.050003,161.226776,840300
2016/8/26,180.190002,181.25,178.919998,161.074127,1324700
2016/8/29,179.860001,180.699997,179.279999,162.052719,1051800
2016/8/30,180.720001,181.020004,179.589996,161.73848,1039800
2016/8/31,179.490005,179.770004,178.580002,160.921524,1636000
2016/9/1,179.309998,180.169998,178.800003,161.585876,1095300
2016/9/2,180.529999,181.490005,180.089996,162.331055,1319000
2016/9/6,180.559998,181.279999,179.880005,162.01683,1328100
2016/9/7,180.039993,180.539993,179.539993,161.379364,1133200
2016/9/8,179.190002,180.210007,178.940002,161.693604,1424000
2016/9/9,178.889999,179,175.639999,157.689438,2083300
2016/9/12,175,178.399994,174.690002,159.897995,1913300
2016/9/13,176.830002,177.600006,175.949997,158.0755,1864600
2016/9/14,175.960007,177.350006,175.199997,157.671463,1864800
2016/9/15,175.529999,177,175.360001,158.542343,1663800
2016/9/16,175.880005,175.949997,174.389999,157.168701,3358800
2016/9/19,176.050003,177.949997,176.050003,158.659042,1754900
2016/9/20,177.710007,178.5,177.330002,159.449127,1598600
2016/9/21,177.880005,179.800003,177.5,161.235703,1760000
2016/9/22,179.830002,181.660004,179.649994,161.469177,1849000
2016/9/23,179.399994,179.699997,177.190002,159.260574,1911000
2016/9/26,176.850006,176.910004,175.800003,157.967758,1821000
2016/9/27,175.610001,177.029999,175.580002,158.281952,2433600
2016/9/28,176.779999,177.979996,176.690002,159.440125,1694000
2016/9/29,177.479996,177.630005,174.869995,157.447021,1853600
2016/9/30,176.580002,177.149994,176.089996,158.219131,2419400
2016/10/3,175.330002,175.949997,174.399994,157.150742,1785600
2016/10/4,174.589996,174.970001,171.199997,154.134125,3166900
2016/10/5,171.660004,172.559998,171.339996,154.771545,2305500
2016/10/6,171.929993,172.320007,170.600006,154.098221,2273400
2016/10/7,171.899994,171.940002,170.039993,153.819901,2249100
2016/10/10,171.839996,172.75,170.940002,153.649353,1936600
2016/10/11,170.240005,170.470001,168.690002,152.338562,1998700
2016/10/12,169.600006,170.179993,168.889999,152.374435,1554100
2016/10/13,168.869995,170.309998,168.460007,152.643799,1919700
2016/10/14,170.990005,171.389999,170.300003,152.922089,1512400
2016/10/17,170.539993,171.089996,169.940002,152.814377,1229200
2016/10/18,171.679993,171.910004,169.839996,152.580933,1185600
2016/10/19,170.800003,170.940002,169.660004,152.545059,1164200
2016/10/20,169.570007,170.339996,168.990005,152.500153,1210500
2016/10/21,168.110001,169.559998,167.720001,152.176941,2013200
2016/10/24,172.649994,173.440002,170.899994,153.766052,2668500
2016/10/25,169.470001,169.889999,165.110001,149.241135,3826200
2016/10/26,165.690002,167.789993,165.410004,149.492508,2174900
2016/10/27,166.869995,166.949997,165.279999,148.819168,1486400
2016/10/28,166.550003,167.179993,165.139999,148.828156,1934300
2016/10/31,166.460007,166.539993,165.179993,148.406189,2289100
2016/11/1,165.399994,165.809998,163.850006,147.463501,2455600
2016/11/2,164.699997,166.369995,163.910004,148.792236,2233400
2016/11/3,166.139999,167.639999,165.259995,149.7798,2505000
2016/11/4,167.210007,167.850006,166.419998,149.465561,1927500
2016/11/7,168.149994,169.889999,167.979996,152.392426,1930900
2016/11/8,169.899994,172.050003,169.779999,153.550568,1955700
2016/11/9,165.839996,171,165.839996,152.975967,3659300
2016/11/10,170.160004,174.669998,169.789993,156.468399,3280000
2016/11/11,174.050003,175.130005,173.729996,157.186661,1868200
2016/11/14,175.229996,175.509995,171.899994,155.238419,2607000
2016/11/15,173.160004,174.25,171.910004,156.43251,2177100
2016/11/16,173.130005,173.229996,171.570007,155.420502,2022600
2016/11/17,172.009995,173.25,172.009995,156.107224,1783700
2016/11/18,172.509995,173.279999,172.289993,156.278946,1711100
2016/11/21,171.419998,171.979996,170.720001,154.977768,1993900
2016/11/22,171.669998,172.080002,171.279999,155.330154,1553300
2016/11/23,172.080002,172.75,171.759995,155.637375,1477900
2016/11/25,172.210007,173.990005,172.210007,156.757767,945800
2016/11/28,173.559998,173.770004,172.279999,155.863266,1677700
2016/11/29,172.539993,173.289993,172.149994,156.107224,1483200
2016/11/30,172.199997,173.190002,171.589996,155.176559,2595800
2016/12/1,171.639999,172.740005,171.449997,155.980759,1756900
2016/12/2,172.529999,173.690002,172.240005,155.800018,1871500
2016/12/5,172.630005,172.949997,171.089996,155.068146,2181300
2016/12/6,171.820007,172.029999,171.229996,155.230774,1467500
2016/12/7,172.380005,176.059998,171.970001,159.070892,3164300
2016/12/8,176.080002,176.350006,174.770004,158.917282,1790700
2016/12/9,175.360001,178.869995,175.300003,161.275543,2650400
2016/12/12,178.25,179.809998,177.570007,162.314667,2296100
2016/12/13,179.570007,180.059998,176.770004,161.582794,2708600
2016/12/14,179.160004,179.389999,176.410004,159.567871,2234200
2016/12/15,177.259995,177.580002,175.050003,159.043777,2055600
2016/12/16,176.559998,178.5,176.550003,160.335846,3889700
2016/12/19,177.610001,178.669998,177.320007,160.977386,1382000
2016/12/20,178.339996,179.330002,178.059998,161.42012,1378200
2016/12/21,178.600006,179.529999,178.419998,161.221359,1555900
2016/12/22,178.889999,179.460007,177.979996,161.917099,1225600
2016/12/23,179.089996,179.289993,178.529999,161.510513,731100
2016/12/27,178.660004,179.199997,178.570007,161.664063,651000
2016/12/28,178.880005,179.449997,178.020004,160.90509,1287900
2016/12/29,178.289993,179.139999,178.029999,161.203293,1102000
2016/12/30,179,179.479996,178.289993,161.347855,1594200
2017/1/3,178.830002,180,177.220001,160.878021,2509300
2017/1/4,178.029999,178.899994,177.610001,161.121964,1542000
2017/1/5,178.259995,179.139999,176.889999,160.570786,1447800
2017/1/6,177.289993,178.600006,175.800003,161.040649,1625000
2017/1/9,178.369995,178.380005,177.199997,160.173203,1622600
2017/1/10,177.360001,177.490005,176.309998,159.549774,2030100
2017/1/11,176.630005,178.449997,176.389999,160.733429,1579600
2017/1/12,176.970001,177.699997,175.75,160.326843,1321800
2017/1/13,177.580002,177.910004,176.830002,160.281662,1265500
2017/1/17,177,177.679993,176.25,160.164169,1557500
2017/1/18,177.899994,179.440002,177.380005,161.275543,1804600
2017/1/19,179.25,179.800003,177.759995,161.44722,1464400
2017/1/20,179.199997,179.460007,177.830002,161.275543,1761900
2017/1/23,177.910004,178.990005,177.130005,161.29364,1986800
2017/1/24,177.5,177.759995,174.419998,158.998627,3473200
2017/1/25,177.089996,178.630005,176.570007,159.685287,3462600
2017/1/26,176.309998,177.229996,176.039993,159.766617,2235900
2017/1/27,177.479996,177.979996,176.830002,160.362961,1623700
2017/1/30,177.25,177.729996,174.869995,158.501663,1823100
2017/1/31,174.740005,175.460007,173.809998,157.959534,1845500
2017/2/1,175.169998,175.800003,174.300003,158.275757,2272900
2017/2/2,174.130005,174.779999,173.550003,157.381226,3106800
2017/2/3,174.020004,175.300003,173.850006,158.158295,2820500
2017/2/6,174.119995,176.199997,173.899994,158.212524,1622800
2017/2/7,176.080002,176.399994,175.149994,158.808868,1247400
2017/2/8,175.619995,177.600006,175.490005,159.992508,2145700
2017/2/9,176.869995,178.550003,176.869995,160.995453,2009700
2017/2/10,178.300003,179.580002,178.190002,161.736359,1392400
2017/2/13,179.860001,181.380005,179.259995,163.561584,1929800
2017/2/14,180.860001,182,180.649994,164.085632,2035900
2017/2/15,180.300003,181.830002,180.149994,165.245148,1762900
2017/2/16,181.75,183.460007,181.619995,166.800293,2164000
2017/2/17,183.429993,183.600006,182.529999,166.381958,1961500
2017/2/21,182.789993,183.619995,182.039993,166.763916,1736300
2017/2/22,183.399994,186.119995,183.080002,169.192093,2850900
2017/2/23,185.910004,187.460007,185.710007,170.237991,2401600
2017/2/24,186.820007,188.410004,186.300003,170.438049,2126300
2017/2/27,187.5,187.550003,186.380005,169.983337,1393800
2017/2/28,186.729996,187.5,186.309998,169.474045,1932100
2017/3/1,188.080002,190.539993,188.009995,172.666183,2226200
2017/3/2,189.460007,190.100006,189.029999,172.693451,1764000
2017/3/3,189.889999,190.240005,188.539993,172.166,1627400
2017/3/6,188.929993,189.240005,188.270004,171.793106,1668700
2017/3/7,188.289993,189.259995,188.25,171.965897,1662300
2017/3/8,189.720001,190.210007,188.970001,172.3479,1563700
2017/3/9,189.25,190.389999,189.169998,172.702576,1556700
2017/3/10,190.639999,191.240005,190.029999,173.893951,2515000
2017/3/13,191.770004,191.960007,190.460007,174.175858,1972700
2017/3/14,190.929993,191.440002,189.110001,173.093643,1893600
2017/3/15,190.179993,191.860001,189.720001,173.884811,2047000
2017/3/16,191.059998,191.639999,189.639999,173.075424,1937100
2017/3/17,190.820007,192.360001,190.350006,174.939789,4228100
2017/3/20,192.520004,193.5,192.279999,175.530914,2085600
2017/3/21,193.490005,193.490005,191.509995,174.730637,1895100
2017/3/22,192.300003,192.880005,190.460007,174.812439,1627300
2017/3/23,192.119995,192.970001,191.229996,174.739685,1482000
2017/3/24,192.119995,192.619995,190.899994,174.166748,1435400
2017/3/27,190.699997,191,189.160004,173.18457,1984600
2017/3/28,189.940002,191.490005,189.600006,173.693863,2330200
2017/3/29,190.589996,191.279999,190.259995,173.411926,1692200
2017/3/30,190.740005,191.490005,190.100006,173.957581,1835400
2017/3/31,191.300003,192.399994,190.990005,174.003082,1730000
2017/4/3,191.869995,192.169998,189.949997,173.448273,1546700
2017/4/4,190.570007,190.979996,189.779999,172.966324,1349900
2017/4/5,190.699997,192.419998,190.039993,173.011765,1448700
2017/4/6,190.410004,191.020004,189.5,172.693451,1627400
2017/4/7,190.029999,190.559998,189.520004,172.784409,1025200
2017/4/10,190.160004,190.520004,189.309998,172.529755,1682700
2017/4/11,189.130005,190.089996,188.990005,172.857147,1459600
2017/4/12,190.309998,190.490005,189.399994,172.52066,1416100
2017/4/13,189.25,189.860001,188.619995,171.56575,1274400
2017/4/17,189.309998,190.360001,189.289993,173.120911,1543600
2017/4/18,189.759995,190.839996,189.509995,172.993576,1176900
2017/4/19,190.800003,191.130005,189.520004,172.638885,1340400
2017/4/20,190.020004,192.110001,189.899994,173.848465,1748200
2017/4/21,191.149994,191.619995,190.589996,174.157669,2584200
2017/4/24,193,194.449997,192.929993,176.640411,2709600
2017/4/25,193.990005,195.610001,192.360001,177.458923,4182200
2017/4/26,195.699997,196.899994,194.990005,177.340698,2641200
2017/4/27,195.429993,196.539993,195.110001,178.350204,1770200
2017/4/28,196.149994,197.119995,195.539993,178.095551,2467100
2017/5/1,195.5,195.729996,194.470001,177.167892,1498500
2017/5/2,195.160004,196.529999,194.580002,178.732147,2467200
2017/5/3,196.600006,197.869995,195.710007,179.732529,2339500
2017/5/4,198.300003,199.539993,197.759995,181.442261,2320800
2017/5/5,199.669998,199.899994,198.979996,181.342224,1688600
2017/5/8,198.839996,199.149994,198.300003,180.660141,1575900
2017/5/9,199.360001,199.360001,197.529999,180.032639,1747800
2017/5/10,197.369995,197.589996,196.529999,178.832199,2247700
2017/5/11,196.039993,196.940002,195.259995,178.93219,1705000
2017/5/12,195.899994,197.119995,195.860001,178.768539,1323100
2017/5/15,196.669998,197.740005,196.229996,179.732529,1474500
2017/5/16,197.479996,197.940002,196.860001,179.987183,1183600
2017/5/17,196.740005,196.740005,194.720001,178.253464,1881800
2017/5/18,194.5,195.820007,193.539993,178.619431,1929000
2017/5/19,196.300003,196.300003,194.449997,179.131744,1894700
2017/5/22,196.350006,198.669998,196.350006,181.611053,1835900
2017/5/23,198.729996,198.970001,197.520004,180.897461,1514200
2017/5/24,198.490005,198.529999,197.279999,180.677887,1206400
2017/5/25,198.410004,199.610001,197.75,182.553345,1508000
2017/5/26,199.139999,200.690002,198.970001,183.587204,1410600
2017/5/30,200.309998,203.029999,199.960007,185.206512,2171100
2017/5/31,202.729996,204.470001,202.270004,187.06369,3096800
2017/6/1,204.25,204.899994,203.679993,186.953918,2352700
2017/6/2,205.059998,207.389999,204.789993,189.103851,1831900
2017/6/5,206.770004,207.330002,206.220001,188.664734,1253100
2017/6/6,206.009995,206.660004,205.410004,187.923691,1458800
2017/6/7,205.729996,205.869995,204.100006,187.557709,1885600
2017/6/8,205.009995,206.029999,204.089996,188.408569,2451300
2017/6/9,206,206.970001,205.639999,189.31427,1893100
2017/6/12,206.929993,208.419998,205.5,189.735138,2388200
2017/6/13,207.580002,209.669998,207.559998,191.308716,1688800
2017/6/14,209.779999,210.789993,209.529999,192.132095,1585300
2017/6/15,209.5,211.320007,209.440002,193.303101,1594100
2017/6/16,211.729996,213.460007,211.440002,195.087112,3420600
2017/6/19,214,214,212.699997,195.196899,1667600
2017/6/20,213.449997,214.570007,213.050003,195.196899,1531200
2017/6/21,214.020004,214.020004,212.089996,194.739441,1812900
2017/6/22,212.729996,213.119995,212.089996,194.153946,1400400
2017/6/23,212,213.169998,211.710007,194.776062,1584900
2017/6/26,212.789993,213.470001,212.309998,194.510757,1352100
2017/6/27,212,212.5,209.380005,191.921646,2240200
2017/6/28,210.779999,211.179993,210.089996,192.690155,1542900
2017/6/29,211.050003,211.050003,207.080002,190.15596,1809900
2017/6/30,209.910004,209.910004,207.850006,190.46701,1770000
2017/7/3,209.139999,210.339996,208.75,191.967407,1040200
2017/7/5,210,210.240005,209.410004,191.903366,1065300
2017/7/6,209.050003,209.720001,207.889999,190.311493,1189900
2017/7/7,208.5,210.149994,208.050003,191.747818,1531000
2017/7/10,209.600006,211.740005,208.990005,192.571213,1308400
2017/7/11,210.410004,211.199997,208,191.811905,1268100
2017/7/12,210.910004,212.779999,210.270004,193.312271,1447900
2017/7/13,211.199997,212,210.179993,193.120163,1138800
2017/7/14,211.520004,212.240005,210.630005,193.742264,1062000
2017/7/17,212.199997,212.199997,210.589996,193.659897,1311300
2017/7/18,210.679993,211.520004,210.300003,193.321426,1562600
2017/7/19,211.509995,212.110001,211.169998,194.044174,825300
2017/7/20,212.210007,213.410004,212.059998,194.364349,1347400
2017/7/21,211.649994,211.839996,209.479996,193.184204,2246200
2017/7/24,211.199997,211.660004,210,192.122955,2165200
2017/7/25,202.649994,204.5,197.169998,182.416153,6593000
2017/7/26,200.449997,201.149994,198.550003,182.086807,2922100
2017/7/27,199.139999,200.559998,197.669998,183.019974,2174500
2017/7/28,200.789993,201.039993,198.690002,182.718063,1488000
2017/7/31,200,201.660004,199.809998,184.044601,1833600
2017/8/1,202.289993,203.309998,201.759995,185.883514,2015100
2017/8/2,203.190002,205.600006,202.820007,187.923691,2029600
2017/8/3,205.910004,207.639999,205.119995,189.945541,2054200
2017/8/4,207.949997,208.610001,206.110001,189.972992,1522700
2017/8/7,207.899994,208.399994,206.679993,189.780853,1172600
2017/8/8,206.830002,207.889999,205.690002,188.856842,1856300
2017/8/9,206.690002,207.910004,205.589996,188.902588,1622200
2017/8/10,205.619995,207.160004,205.179993,188.673874,1571500
2017/8/11,206.850006,206.850006,205.630005,188.445145,1452800
2017/8/14,206.660004,207.630005,206.070007,189.716843,1264400
2017/8/15,207,207.839996,206.509995,189.542999,1048500
2017/8/16,207.210007,208.630005,206.619995,190.220001,1704300
2017/8/17,207.789993,208.119995,205.279999,187.868805,1396500
2017/8/18,205.350006,205.630005,203.449997,186.203705,1838600
2017/8/21,203.800003,204.899994,203.009995,187.136902,1567600
2017/8/22,205.199997,205.860001,204.630005,187.969437,2091200
2017/8/23,204.050003,204.100006,202.320007,186.483398,1267300
2017/8/24,203.889999,203.889999,201.960007,185.977356,1230800
2017/8/25,203.440002,203.449997,202.050003,185.986526,1238100
2017/8/28,202.779999,203.270004,201.850006,186.290161,1174700
2017/8/29,202.199997,203.080002,201.330002,186.713425,991300
2017/8/30,202.919998,203.690002,202,187.421951,1196200
2017/8/31,204.320007,204.619995,203.020004,188.001633,1567900
2017/9/1,204.610001,204.910004,203.229996,187.302307,1413000
2017/9/5,202.25,202.529999,200.509995,184.928375,1934500
2017/9/6,201.75,202.25,201.240005,185.912918,2236200
2017/9/7,201.470001,204.710007,201.470001,188.130478,1701500
2017/9/8,204.350006,206.119995,203.160004,189.262222,1474000
2017/9/11,206.460007,209.779999,206.089996,192.82312,1806700
2017/9/12,209.910004,210.960007,209.259995,192.896729,1441200
2017/9/13,209.119995,210.289993,208.570007,192.758728,1129600
2017/9/14,209.149994,211.910004,208.740005,194.543762,1984200
2017/9/15,212.589996,214.119995,210.660004,196.31041,3636400
2017/9/18,214,214.039993,212.570007,196.687668,1272400
2017/9/19,214.229996,214.649994,212.850006,196.503647,1429700
2017/9/20,211.770004,212.600006,208.309998,193.697235,2987200
2017/9/21,210.899994,211.619995,210.240005,193.632828,1382400
2017/9/22,209.639999,211.300003,209.279999,193.927261,1493300
2017/9/25,210.979996,211.220001,209.369995,193.899704,1609200
2017/9/26,211.259995,212.830002,210.929993,194.17572,1224600
2017/9/27,211.089996,211.380005,208.160004,192.749496,1865100
2017/9/28,208.300003,209.880005,208.25,192.813919,2092800
2017/9/29,209.059998,209.899994,208.729996,193.135956,1632200
2017/10/2,210.729996,212.789993,210.029999,195.767548,1292100
2017/10/3,212.619995,214.600006,211.380005,197.432999,1634900
2017/10/4,214.850006,216.940002,214.5,199.22728,1636400
2017/10/5,216.490005,217.610001,215.899994,199.089233,1740500
2017/10/6,216,216.539993,215.270004,199.22728,1650800
2017/10/9,215.960007,217.210007,215.690002,199.374435,1054600
2017/10/10,217.380005,217.600006,216.550003,199.438889,1170900
2017/10/11,216.75,216.860001,214.660004,199.218033,2052900
2017/10/12,216.600006,217.639999,216.289993,200.211792,1908000
2017/10/13,218.830002,219.759995,216.800003,200.331406,1461600
2017/10/16,217.699997,218.729996,217.199997,201.251526,1185200
2017/10/17,218.490005,218.720001,216.470001,200.359024,2150800
2017/10/18,217.520004,218.639999,217.369995,200.837479,1413600
2017/10/19,218.490005,219.25,217.470001,201.730011,1369000
2017/10/20,219.949997,221.320007,219.190002,203.643906,1647800
2017/10/23,221.759995,222.779999,221.199997,203.855515,2161300
2017/10/24,229,238.899994,228.990005,215.909241,6508400
2017/10/25,235.009995,237.940002,233.940002,218.697281,4114500
2017/10/26,238.259995,238.800003,232.309998,214.335831,3385000
2017/10/27,234.229996,234.949997,232.550003,215.992081,2000400
2017/10/30,233.660004,233.660004,230.639999,212.569199,2722600
2017/10/31,231.380005,231.600006,229.809998,211.80545,1908200
2017/11/1,231,231.759995,229.110001,211.79628,1389900
2017/11/2,230.240005,232.800003,229.550003,213.68251,1609500
2017/11/3,231.559998,232.580002,230.919998,213.673355,1582700
2017/11/6,232.220001,232.630005,230.149994,211.915894,1334700
2017/11/7,230.380005,230.770004,229.139999,211.676651,1553600
2017/11/8,229.839996,230.649994,229.380005,211.474213,1510200
2017/11/9,228.539993,229.399994,227.050003,210.149216,1575800
2017/11/10,227.470001,228.440002,226.160004,209.284302,1295800
2017/11/13,226.729996,228.429993,226.259995,209.992813,1765300
2017/11/14,228.139999,229.960007,226.75,211.01413,1393200
2017/11/15,228.070007,228.509995,226.039993,209.238281,1512100
2017/11/16,227.789993,229.990005,227.789993,211.096954,1224800
2017/11/17,228.429993,229.919998,227.740005,211.041748,1741800
2017/11/20,229.899994,233.589996,229.550003,213.001663,1700000
2017/11/21,232.210007,235.710007,232.210007,215.393967,2122600
2017/11/22,233.059998,233.860001,231.399994,214.159424,1371800
2017/11/24,232.029999,232.039993,230.809998,213.974472,659100
2017/11/27,231.75,234.529999,231.130005,216.397369,1780800
2017/11/28,234.119995,235.940002,233.380005,217.904739,1871700
2017/11/29,236.050003,238.190002,235.639999,220.105728,1754600
2017/11/30,238.860001,243.449997,237.690002,224.849808,4003400
2017/12/1,243.190002,243.630005,239.149994,223.009506,2232300
2017/12/4,243.050003,244.229996,238.509995,221.261688,2468700
2017/12/5,240.220001,240.259995,237.860001,220.336899,1543100
2017/12/6,240.330002,241.080002,236.970001,220.71608,1924100
2017/12/7,238.449997,241.289993,237.929993,222.223465,1367100
2017/12/8,240,241.009995,237.490005,220.216705,1999800
2017/12/11,239.190002,240.210007,237.860001,221.298676,1742900
2017/12/12,236.580002,241.679993,236.119995,218.78331,2766300
2017/12/13,236.910004,239.589996,236.630005,221.122986,2707900
2017/12/14,240.320007,240.800003,237.809998,220.170441,1984700
2017/12/15,239.190002,239.679993,237.649994,220.096481,4518700
2017/12/18,238.580002,240.009995,237.149994,220.484879,2237300
2017/12/19,239.470001,239.740005,236.899994,220.457138,1868900
2017/12/20,238.199997,238.470001,236.490005,219.097733,1621600
2017/12/21,236,237.25,234.410004,217.118698,2241600
2017/12/22,235.360001,236.080002,234.279999,217.072449,1280600
2017/12/26,235.080002,236.279999,235.029999,217.738281,789100
2017/12/27,235.520004,236.539993,234.839996,218.431885,970500
2017/12/28,236.940002,237.080002,235.279999,217.987991,1189700
2017/12/29,236.479996,237.309998,235.369995,217.664322,1343900
2018/1/2,235.779999,237.070007,232.809998,217.914017,2931000
2018/1/3,235.070007,235.729996,233.289993,217.904739,2193700
2018/1/4,237,239.440002,236.470001,220.753052,2243100
2018/1/5,238.649994,240.899994,237.740005,222.47316,1835900
2018/1/8,239.380005,240.940002,239.179993,221.751816,1869000
2018/1/9,239.600006,241.779999,239.339996,223.12973,1695100
2018/1/10,241,242.570007,240.029999,223.000275,1640900
2018/1/11,240.740005,242.339996,239.75,224.082245,1487700
2018/1/12,243.070007,246,242.5,226.079773,1974300
2018/1/16,245.300003,247.190002,243.830002,226.329468,2411100
2018/1/17,246.850006,248.529999,245.800003,229.445938,2519000
2018/1/18,248.130005,249,244.919998,227.411438,2233500
2018/1/19,246.630005,248.5,245.600006,229.510681,2013500
2018/1/22,247.130005,247.889999,245.080002,228.696869,1660500
2018/1/23,246.910004,247.259995,245.119995,227.781342,1822700
2018/1/24,247.990005,248.539993,246.25,229.057541,3471000
2018/1/25,250,254.800003,247.100006,233.376251,3507900
2018/1/26,253.429993,259.769989,253.389999,239.174591,3730600
2018/1/29,258.51001,259.339996,255.970001,236.751694,2306300
2018/1/30,255.600006,255.690002,251.410004,232.617935,2412600
2018/1/31,251.490005,253.130005,249.600006,231.656143,3136400
2018/2/1,247.440002,250.089996,246.179993,229.288727,2665500
2018/2/2,246.429993,248.75,244.880005,226.727112,3925700
2018/2/5,243.5,244.399994,226.009995,214.029953,6590500
2018/2/6,227.509995,234.570007,226.809998,216.055206,5108100
2018/2/7,233.190002,237.520004,232.820007,215.6483,2885600
2018/2/8,233.160004,233.309998,222.649994,206.123108,3751300
2018/2/9,224.610001,226.960007,218.179993,208.268585,4518600
2018/2/12,227.490005,230.380005,226.100006,211.949234,3290400
2018/2/13,229.710007,231.970001,228.929993,213.955963,2523600
2018/2/14,229.449997,232.869995,228.470001,214.547821,2337800
2018/2/15,233.309998,234.899994,230.880005,218.482681,2127500
2018/2/16,234.970001,238.440002,233.389999,220.157089,2221800
2018/2/20,234.539993,236.669998,233.910004,218.668732,2675900
2018/2/21,234.710007,237.860001,232.100006,215.980377,2561400
2018/2/22,232.429993,237.369995,232.259995,219.533813,2284500
2018/2/23,236.850006,237.889999,234.389999,220.482681,1616700
2018/2/26,239.009995,244.860001,238.509995,227.105896,3086800
2018/2/27,244.610001,244.669998,240.720001,223.980331,1778300
2018/2/28,241.639999,242.279999,235.399994,219.078018,2461400
2018/3/1,236.149994,236.830002,229.529999,215.19899,3487100
2018/3/2,229.75,231.270004,226.330002,214.296661,2912800
2018/3/5,230,233.710007,228.529999,216.566406,2235300
2018/3/6,234.050003,235.919998,230.800003,217.357117,2091100
2018/3/7,231.220001,236.220001,230.589996,219.133865,2213800
2018/3/8,236.350006,237.690002,234.119995,219.850113,1955200
2018/3/9,238,241.369995,236.169998,224.510574,1840900
2018/3/12,242.100006,243.100006,239.300003,223.068726,2151300
2018/3/13,240.899994,242.970001,236.889999,220.994293,2009900
2018/3/14,238.800003,239.320007,233.850006,217.943146,2239700
2018/3/15,235.220001,238.080002,234.199997,219.412903,1770500
2018/3/16,235.669998,238.169998,235.669998,220.668732,4858000
2018/3/19,236.009995,236.330002,230.259995,215.403625,2621700
2018/3/20,232.119995,234.389999,231.580002,216.231522,1728000
2018/3/21,233,237.220001,232.309998,217.803619,1588300
2018/3/22,232.039993,232.119995,222.800003,207.59903,4295500
2018/3/23,223.5,224.270004,215.270004,200.333923,4221200
2018/3/26,217.860001,220.800003,215.179993,204.873444,3574000
2018/3/27,221.020004,221.860001,214.729996,200.80835,2696700
2018/3/28,217.229996,219.660004,214.910004,201.431564,2522900
2018/3/29,217.789993,221.380005,217.460007,204.203659,2643000
2018/4/2,218.050003,218.720001,209.470001,197.78511,3840800
2018/4/3,213,216.460007,210.929993,201.236252,3006800
2018/4/4,212.389999,217.919998,211.119995,202.380417,2488800
2018/4/5,218.639999,220.309998,216.559998,203.412979,2879900
2018/4/6,217.399994,218.850006,211,197.440903,2503900
2018/4/9,213.75,216.860001,212.399994,197.961838,2186100
2018/4/10,215.320007,218.710007,215.229996,201.840881,2857400
2018/4/11,214.199997,215.889999,213.5,199.375824,1819800
2018/4/12,215.720001,217.679993,215.009995,201.319977,2292900
2018/4/13,218.089996,218.679993,214.460007,200.482803,2034500
2018/4/16,217.199997,219.270004,216.589996,202.510666,2060500
2018/4/17,219.149994,221.690002,218.740005,204.733932,1853500
2018/4/18,220.389999,221.009995,219.160004,204.203659,1599300
2018/4/19,218.039993,219.300003,217.029999,203.580444,1453100
2018/4/20,218.410004,220.279999,216.740005,202.557175,2634300
2018/4/23,218.020004,218.729996,214.75,200.817642,2520700
2018/4/24,206.5,206.5,196.889999,187.096817,11671400
2018/4/25,201.100006,201.75,197.009995,184.966553,6205400
2018/4/26,198.679993,199.630005,196.169998,183.338669,4124300
2018/4/27,196.770004,197.110001,194.399994,182.43634,3354800
2018/4/30,196.960007,198.339996,194.179993,180.827072,4008700
2018/5/1,194.029999,195.539993,191.440002,181.413101,4710500
2018/5/2,195.149994,196.410004,194.020004,180.929398,4017600
2018/5/3,194.520004,196.699997,192.350006,182.027054,3425900
2018/5/4,195.070007,199.929993,194.059998,185.450287,3071700
2018/5/7,200.059998,201,199.580002,186.287491,2863400
2018/5/8,200,202.110001,199.559998,187.66423,3273500
2018/5/9,202.029999,204.729996,201.369995,189.22702,3361300
2018/5/10,202.610001,205.679993,202.389999,190.72467,2700800
2018/5/11,204.740005,205.369995,203.660004,190.845596,3155700
2018/5/14,205.669998,206.039993,204.669998,191.403748,3385900
2018/5/15,204.960007,205.570007,201.639999,188.287476,2259200
2018/5/16,200.520004,201.039993,199.050003,186.240982,2913500
2018/5/17,199.270004,201.399994,198.690002,187.655243,2265800
2018/5/18,200.279999,200.759995,198.449997,186.343994,2925700
2018/5/21,200.5,202.929993,200,188.966446,2126500
2018/5/22,201.960007,202.110001,198.729996,186.353363,2313900
2018/5/23,197.740005,198.800003,196.559998,186.072372,2737700
2018/5/24,198.830002,200.179993,196.929993,186.765457,2055000
2018/5/25,198.330002,199.410004,197.929993,186.409546,1686500
2018/5/29,198,198.509995,195.100006,183.328186,2346800
2018/5/30,197.089996,199.380005,196.699997,186.081741,2143100
2018/5/31,198.110001,198.449997,196.259995,184.723694,5253100
2018/6/1,198.75,200.419998,198.279999,186.934052,1827000
2018/6/4,200.729996,201.690002,200.070007,188.310837,2408400
2018/6/5,201.080002,202.100006,200.889999,188.441956,2246100
2018/6/6,201.839996,204.050003,201.550003,190.933289,2297300
2018/6/7,204.179993,205.889999,203.759995,192.066574,2279200
2018/6/8,204.979996,206.75,204.410004,193.490173,2170200
2018/6/11,206.589996,206.789993,205,192.113388,2302900
2018/6/12,205.669998,205.949997,203.949997,191.926086,1806100
2018/6/13,205.139999,205.660004,203.729996,191.89798,2097900
2018/6/14,205.759995,206.270004,203.5,190.71788,2221500
2018/6/15,202.550003,205.059998,200.110001,191.972931,5449500
2018/6/18,202.529999,204.570007,200.25,191.223633,2842800
2018/6/19,201.259995,201.830002,198.330002,186.74675,3206800
2018/6/20,199.339996,200,197.259995,185.519775,2348300
2018/6/21,197.839996,197.839996,194.589996,183.122162,2420400
2018/6/22,197.389999,197.440002,195.179993,184.039993,2290100
2018/6/25,195.979996,196.330002,193.639999,183.384369,2922500
2018/6/26,196.839996,197.949997,195.979996,184.114914,2140200
2018/6/27,196.570007,199.899994,194.759995,182.56015,2889700
2018/6/28,195.5,196.850006,194.210007,183.543594,1978700
2018/6/29,196.470001,199.419998,196.460007,184.246033,2671600
2018/7/2,195.460007,195.889999,193.509995,183.122162,1815500
2018/7/3,196.490005,198.949997,195.5,183.412476,1228900
2018/7/5,197.070007,197.479996,195.029999,184.826706,2019300
2018/7/6,197.089996,198.059998,196.389999,184.939117,1624500
2018/7/9,198.139999,200.839996,198.070007,187.814423,1967100
2018/7/10,201,202.580002,200.389999,188.704193,1688700
2018/7/11,199.820007,199.820007,197.490005,185.145157,1853100
2018/7/12,199.169998,200,197.399994,186.681168,1733500
2018/7/13,200.270004,201.789993,200,188.423233,1625400
2018/7/16,201.550003,201.580002,200.080002,188.357651,1468000
2018/7/17,200.990005,203.070007,200.130005,189.25679,1920600
2018/7/18,202.220001,203.169998,201.350006,189.378571,1945000
2018/7/19,201.759995,202.289993,199.509995,188.816605,2616400
2018/7/20,199.330002,202.949997,198.25,189.144379,2325400
2018/7/23,201.539993,201.539993,197.679993,186.231598,3269100
2018/7/24,192.940002,202.190002,190.570007,187.954941,8186500
2018/7/25,200.630005,204.490005,200.520004,191.420319,3345200
2018/7/26,204.889999,208.440002,204.649994,194.773315,2848300
2018/7/27,208.679993,210.600006,206.850006,194.267548,2248000
2018/7/30,208.25,209.25,204.759995,192.113388,2040500
2018/7/31,207.229996,212.779999,206.5,198.856842,3573100
2018/8/1,210.979996,211.059998,206.869995,193.921036,2066600
2018/8/2,205.949997,205.990005,203.850006,192.497406,1699700
2018/8/3,205.919998,207.580002,205.199997,194.145798,1299900
2018/8/6,207.449997,207.460007,205.240005,193.593216,1063800
2018/8/7,208.009995,209.610001,207.369995,195.34465,1314600
2018/8/8,208.490005,209.039993,206.770004,194.005295,1052100
2018/8/9,207.139999,207.970001,204.490005,191.794952,1812600
2018/8/10,203.809998,204.130005,201,189.153748,1893200
2018/8/13,202.020004,202.789993,199.5,187.168213,1587200
2018/8/14,199.779999,201.080002,199.410004,187.805099,1719000
2018/8/15,199.25,201.759995,197.110001,188.619888,2028900
2018/8/16,202.020004,203.429993,201.820007,190.268311,1640200
2018/8/17,203.279999,204.990005,201.889999,191.785583,1598900
2018/8/20,205.720001,205.800003,203.660004,191.626373,2091700
2018/8/21,205,206.039993,204.389999,192.647232,1709700
2018/8/22,205.770004,205.770004,203.399994,191.307907,1461300
2018/8/23,203,203.149994,201.460007,191.166489,1367300
2018/8/24,203.279999,205.490005,203.070007,193.561371,1676600
2018/8/27,206.179993,208.5,205.850006,196.427704,1777200
2018/8/28,208.970001,210.119995,208.479996,197.464844,2136700
2018/8/29,209.169998,210.970001,208.509995,198.43602,2110300
2018/8/30,209.710007,211.089996,209.229996,198.209717,2240800
2018/8/31,209.570007,211.720001,209.440002,198.869736,1943500
2018/9/4,210.550003,210.75,207.550003,196.682281,2108500
2018/9/5,208.289993,211.910004,207.350006,199.727768,1951500
2018/9/6,212,213.369995,211.070007,200.585739,2363500
2018/9/7,212.240005,212.970001,209.970001,200.425476,2739200
2018/9/10,213.679993,216.369995,212.860001,200.764877,2399700
2018/9/11,211.360001,212.220001,210,199.680603,1967500
2018/9/12,212.300003,214.759995,205.899994,194.900253,4937000
2018/9/13,207.339996,209.139999,206.550003,197.106567,2171300
2018/9/14,208.839996,210.300003,207.149994,196.003403,1721600
2018/9/17,207.460007,210.190002,207.300003,197.559128,1610400
2018/9/18,210.240005,211.830002,208.429993,199.44487,1652900
2018/9/19,211.770004,214.139999,211.630005,200.944046,1884500
2018/9/20,214.699997,217,213.259995,202.971222,2075100
2018/9/21,217.320007,217.869995,215.610001,203.970657,5563700
2018/9/24,215.389999,215.869995,212.690002,201.311752,2044800
2018/9/25,214.130005,214.130005,210.279999,198.605743,2090600
2018/9/26,211.490005,212.589996,210.639999,199.011169,1677700
2018/9/27,212,212.869995,210,198.106018,1609800
2018/9/28,209.529999,211.279999,208.869995,198.671738,2500200
2018/10/1,212.399994,213.399994,211.309998,200.067169,1828800
2018/10/2,212.380005,215.839996,212.100006,203.386063,1749400
2018/10/3,216,217.339996,214.940002,203.433197,2139200
2018/10/4,214.850006,215.660004,212.039993,201.62291,1682500
2018/10/5,214.350006,215.029999,211.059998,201.010025,2140300
2018/10/8,213.130005,214.580002,212.259995,202.12262,1666700
2018/10/9,212.679993,213.110001,209.639999,198.39827,2947400
2018/10/10,209.190002,209.190002,201.550003,190.600769,3525200
2018/10/11,201.149994,202.910004,196.5,185.490433,3497200
2018/10/12,200.869995,202.550003,195.929993,186.904709,2798100
2018/10/15,197.820007,200.699997,197.419998,187.574173,1812800
2018/10/16,200.460007,202.520004,199.229996,190.770493,1939500
2018/10/17,201.789993,203.770004,200.449997,191.336212,1824200
2018/10/18,202.339996,202.520004,198.399994,188.931915,2339400
2018/10/19,200.119995,201.100006,198.369995,188.432205,3167300
2018/10/22,201.25,203.399994,199.690002,189.855911,3263300
2018/10/23,188.800003,194.889999,184.5,181.54924,8255600
2018/10/24,192.100006,192.960007,183.970001,173.996857,5003500
2018/10/25,186.570007,187.479996,182.360001,174.421158,3535200
2018/10/26,183.309998,186.660004,181.979996,174.383469,3546200
2018/10/29,187.850006,188.880005,183.160004,175.175446,2867600
2018/10/30,186.830002,190.080002,185,178.965775,2919600
2018/10/31,190.699997,192.119995,189.669998,179.390076,2845100
2018/11/1,190.610001,193.210007,190.089996,181.238083,2242800
2018/11/2,193.660004,194.470001,191.600006,181.794388,3069600
2018/11/5,193.5,194.559998,192.210007,182.209259,2886500
2018/11/6,193.270004,195.5,193,184.142136,1900200
2018/11/7,197.190002,201.399994,195.410004,189.789886,2444400
2018/11/8,201,204.270004,200.729996,192.411072,2534000
2018/11/9,204,204,199.699997,189.610794,2429300
2018/11/12,200.570007,200.770004,196.5,185.782715,2770000
2018/11/13,197.520004,200.880005,197.160004,187.036743,2168800
2018/11/14,200.800003,201.039993,196.289993,186.744446,2797700
2018/11/15,197.729996,205.130005,196.240005,193.20311,3157500
2018/11/16,203.240005,209.770004,202.600006,197.059433,2620400
2018/11/19,207.830002,208.050003,204.369995,193.834839,3220400
2018/11/20,203.580002,204.139999,200.190002,189.054459,2677200
2018/11/21,199.679993,201.179993,198.660004,188.617767,1832700
2018/11/23,197.759995,198.679993,196.789993,186.823608,999900
2018/11/26,198.570007,201.830002,197.320007,189.728485,2321000
2018/11/27,199.119995,201.320007,196.779999,190.516388,2079600
2018/11/28,201.990005,204.350006,199.419998,193.981384,2184400
2018/11/29,203.869995,205.839996,202.660004,194.190231,1569200
2018/11/30,204.360001,207.919998,203.979996,197.379883,3171900
2018/12/3,211.210007,211.949997,207.050003,198.177322,2493400
2018/12/4,208.059998,208.550003,202.089996,191.94986,2698700
2018/12/6,199.610001,203.080002,198.190002,192.405533,2991800
2018/12/7,202.619995,204.369995,197.009995,188.190613,2254500
2018/12/10,198.360001,198.949997,193.639999,188.266571,1980300
2018/12/11,201.259995,202,196.139999,187.45018,1828900
2018/12/12,200.600006,202.619995,199.699997,189.681015,1919000
2018/12/13,201.429993,202.399994,199.520004,191.883408,1831700
2018/12/14,200.119995,201.570007,195.850006,186.159088,2473200
2018/12/17,195.839996,198.25,191.850006,183.045364,2547600
2018/12/18,193.389999,196.919998,193.149994,184.697144,2636300
2018/12/19,196,198.229996,189.699997,180.330353,3266500
2018/12/20,189.110001,191.119995,185.5,177.881149,3609200
2018/12/21,187.860001,190.5,183.639999,174.435135,6699200
2018/12/24,181.889999,183.539993,178.509995,169.565186,2249500
2018/12/26,179.380005,186.330002,176.869995,176.817886,2925500
2018/12/27,183.5,190.699997,182.880005,181.032822,2809000
2018/12/28,191.809998,192.300003,188.570007,179.770248,2311400
2018/12/31,190.339996,191.649994,188.5,180.880936,1804400
2019/1/2,187.820007,190.990005,186.699997,181.270157,2475200
2019/1/3,188.279999,188.279999,182.889999,174.444626,3358200
2019/1/4,186.75,191.979996,186.029999,181.621399,2995100
2019/1/7,191.360001,192.300003,188.660004,181.20372,2162200
2019/1/8,193,194.110001,189.580002,181.96315,2479800
2019/1/9,193.25,193.940002,191.380005,182.551727,2163600
2019/1/10,190.869995,193.809998,189.399994,183.785812,1939300
2019/1/11,191.839996,192.690002,190.860001,182.466309,2359900
2019/1/14,190.639999,192.830002,189.800003,182.428299,1914400
2019/1/15,188.839996,190.679993,187.860001,179.362045,2737300
2019/1/16,188.509995,190.440002,188.419998,179.874664,2492100
2019/1/17,188.559998,192.899994,187.899994,181.991653,1978900
2019/1/18,194.339996,196.399994,192.360001,185.931259,2746600
2019/1/22,194.220001,194.490005,190.429993,182.513763,2709600
2019/1/23,192.630005,194,190.279999,182.542221,1652900
2019/1/24,192.259995,193.169998,191.509995,182.760559,1582800
2019/1/25,194.720001,197.160004,194.460007,185.969208,2320100
2019/1/28,193.139999,193.449997,191.070007,183.406097,3156600
2019/1/29,195.009995,199.889999,194.199997,186.966019,4311100
2019/1/30,198.220001,200.110001,194.630005,189.168381,2168100
2019/1/31,198.800003,200.889999,197.740005,190.146179,3338400
2019/2/1,201.490005,201.770004,198.289993,189.06398,2239400
2019/2/4,199.009995,200.259995,196.25,190.060745,1973600
2019/2/5,200.720001,201.130005,199.729996,190.924606,2036900
2019/2/6,201.220001,203.080002,200.25,192.301117,1672400
2019/2/7,201.020004,202.399994,198.860001,189.709503,1949400
2019/2/8,199.220001,199.850006,197.899994,189.690521,1451800
2019/2/11,200.929993,201.199997,199.639999,190.72525,1513500
2019/2/12,202.869995,206.789993,202.190002,196.098328,2623000
2019/2/13,207.089996,210.399994,206.589996,199.088669,2967300
2019/2/14,206.589996,207.119995,204.050003,195.886459,2229700
2019/2/15,206.460007,208.970001,206,199.643036,2000400
2019/2/19,207.910004,209.149994,207.389999,199.212921,1534400
2019/2/20,208.929993,208.970001,207.320007,199.327621,1879100
2019/2/21,208.160004,209.110001,207.25,198.601151,1737600
2019/2/22,207.770004,209.660004,207.149994,200.111435,1534200
2019/2/25,210.470001,211.350006,210.339996,201.28714,2183500
2019/2/26,210.580002,211.589996,209.369995,200.140106,1671300
2019/2/27,209.600006,209.690002,208.160004,199.805557,1540600
2019/2/28,209.050003,209.050003,206.960007,198.23793,2121700
2019/3/1,208.809998,209.759995,206.899994,198.333496,1754400
2019/3/4,208.990005,209.979996,205.740005,197.731323,1989900
2019/3/5,205.580002,207.25,203.839996,194.844574,2744500
2019/3/6,204.729996,204.789993,202.759995,193.850494,1825300
2019/3/7,202.559998,202.559998,198.5,191.040222,3339600
2019/3/8,198.380005,201.169998,198,192.02475,1724500
2019/3/11,201.880005,207.160004,201.660004,197.960724,2385300
2019/3/12,207.839996,208.389999,205.380005,196.718109,2115100
2019/3/13,206.830002,207.300003,205.630005,197.540131,2036700
2019/3/14,206.699997,207.449997,205.729996,198.228363,1793400
2019/3/15,208.399994,208.660004,206.789993,198.897476,4394700
2019/3/18,208.440002,208.600006,205.610001,199.289383,1843600
2019/3/19,209.100006,210.539993,208.309998,199.795975,2351600
2019/3/20,209,210.509995,207.289993,199.107773,1734600
2019/3/21,206.800003,210.160004,205.970001,200.359955,2288100
2019/3/22,208.289993,208.490005,204.470001,195.628403,2716100
2019/3/25,203.460007,205.470001,202.25,194.242386,2020600
2019/3/26,205,207.639999,204.770004,198.094543,1895600
2019/3/27,207.399994,207.940002,205.130005,198.018097,2004000
2019/3/28,208,208.740005,206.639999,199.327621,1670600
2019/3/29,209.289993,209.5,206.199997,198.610703,2858300
2019/4/1,209.889999,212.389999,209.259995,202.587128,2588400
2019/4/2,212.240005,212.699997,211,202.768768,1413500
2019/4/3,212.949997,213.929993,212.440002,203.724609,1570000
2019/4/4,213.5,215.270004,212.330002,205.540771,1560900
2019/4/5,215.880005,216.490005,214.800003,205.904007,1391100
2019/4/8,214.710007,215.070007,213.470001,205.531204,1130000
2019/4/9,214.419998,214.570007,211.820007,202.606262,1516500
2019/4/10,212.419998,212.710007,210.720001,202.749619,1348600
2019/4/11,211.710007,213.710007,211.440002,204.106964,1181200
2019/4/12,215.100006,217.490005,214.350006,207.825302,1922400
2019/4/15,216.839996,217.360001,214.899994,206.30545,1483300
2019/4/16,216.589996,217.669998,215.479996,207.328247,1549600
2019/4/17,217.630005,219.330002,217.179993,208.035583,1977600
2019/4/18,217.979996,219.669998,217.619995,209.220856,1780100
2019/4/22,217.300003,219.399994,217.270004,208.895859,1403500
2019/4/23,218.009995,219.550003,217.179993,209.813492,1561800
2019/4/24,219,219.75,218.100006,209.412048,2048900
2019/4/25,197.539993,198.960007,189.600006,182.303574,14646200
2019/4/26,190.529999,192.25,189.360001,183.211624,4491300
2019/4/29,191.520004,192.190002,189.75,181.816086,3803400
2019/4/30,190.860001,190.860001,186.550003,181.146957,4541000
2019/5/1,189.490005,189.710007,185.919998,177.85878,3818500
2019/5/2,184.5,186.5,183.380005,176.597015,5654900
2019/5/3,185.809998,186.690002,184.089996,177.04628,4747700
2019/5/6,182.039993,183.110001,180.130005,174.962479,6517600
2019/5/7,181.809998,181.899994,177.809998,171.215469,5415600
2019/5/8,179.509995,180.529999,178.5,170.708862,2990500
2019/5/9,177.300003,177.399994,174.179993,167.544922,5098200
2019/5/10,175.020004,176.330002,173.009995,168.099335,5012300
2019/5/13,173.940002,174.580002,172.789993,166.388321,5916700
2019/5/14,174.789993,176.970001,174.509995,167.478027,4014000
2019/5/15,174.020004,175.649994,173.649994,166.436111,3015500
2019/5/16,174.389999,174.389999,171.360001,164.228058,4039500
2019/5/17,170,170.259995,168.429993,161.628067,4595000
2019/5/20,167.960007,167.960007,165.610001,158.913406,4374600
2019/5/21,167.009995,167.419998,166.179993,159.917099,4148200
2019/5/22,167.429993,170.759995,166.460007,162.249405,4504200
2019/5/23,167.580002,168.300003,164.589996,159.906769,3830200
2019/5/24,166.339996,167.419998,165.320007,160.118851,2366900
2019/5/28,166.800003,166.990005,163.350006,157.477371,4875100
2019/5/29,163.009995,163.800003,160.5,155.597473,3669000
2019/5/30,161.399994,162.270004,160,154.806961,2478700
2019/5/31,159.830002,160.740005,159.630005,154.006805,3521900
2019/6/3,159.75,161.5,159.320007,154.286362,3726500
2019/6/4,161.729996,165.089996,161.580002,158.383575,3746800
2019/6/5,165.139999,165.830002,162.880005,157.959396,3161600
2019/6/6,164,166.350006,162.460007,158.798111,3581800
2019/6/7,165.559998,167.089996,164.639999,160.620178,2017700
2019/6/10,168.110001,170.220001,167.869995,162.239761,2257600
2019/6/11,169.910004,170.360001,168.5,162.837479,2227200
2019/6/12,169.869995,170.149994,168.589996,162.933884,2166400
2019/6/13,169.360001,169.899994,167.869995,162.779633,2141500
2019/6/14,168.240005,168.25,166.050003,160.697296,2719200
2019/6/17,167.100006,167.429993,166.460007,160.784058,1783300
2019/6/18,167.850006,172.270004,167.570007,165.681427,3623000
2019/6/19,171.880005,172.809998,170.539993,164.611328,2777400
2019/6/20,172.869995,174.279999,171.699997,167.686646,3064200
2019/6/21,173.75,174.559998,172.630005,167.117859,4880800
2019/6/24,173.350006,174.339996,173.339996,167.14679,2711900
2019/6/25,173.25,173.389999,171.279999,165.845306,2733200
2019/6/26,172.350006,173.240005,171.720001,165.700714,1812200
2019/6/27,172.509995,172.789993,170.649994,165.334366,1718500
2019/6/28,171.850006,174.369995,171.770004,167.108215,3600800
2019/7/1,175.460007,175.779999,173.520004,168.23616,2106700
2019/7/2,175.100006,175.100006,173.070007,167.763763,1555400
2019/7/3,174.169998,175.039993,172.929993,168.689255,1170700
2019/7/5,173,173.279999,169.729996,165.816376,1740500
2019/7/8,169.919998,170.479996,168.770004,163.107407,2285300
2019/7/9,166.820007,167.449997,164.289993,159.742874,4536100
2019/7/10,166.190002,167.320007,165.570007,159.742874,2661700
2019/7/11,166.300003,169.089996,165.869995,162.962799,2814800
2019/7/12,170.100006,173.360001,169.25,167.108215,3160700
2019/7/15,173.380005,174.25,171.210007,166.62619,2187500
2019/7/16,172.75,177.25,172.720001,170.144989,3918900
2019/7/17,176.350006,176.490005,174.100006,168.390396,2947400
2019/7/18,174.419998,175.139999,172.399994,166.838272,2223300
2019/7/19,173.009995,173.990005,172.210007,166.404465,2360300
2019/7/22,172.809998,175.210007,172.130005,168.361465,2004400
2019/7/23,176,178.020004,175.649994,171.137955,2360700
2019/7/24,176.929993,180.289993,176.259995,172.969635,3532300
2019/7/25,187.009995,187.720001,176.660004,171.726013,7362000
2019/7/26,177.630005,178.389999,170.570007,167.725204,4016100
2019/7/29,173.830002,177.619995,173.660004,170.405273,2638900
2019/7/30,175.660004,177.809998,173.800003,171.243988,1978900
2019/7/31,177.649994,178.020004,173.399994,168.438614,3015800
2019/8/1,174.789993,177.669998,173.029999,167.127502,2381200
2019/8/2,172.860001,172.919998,169.809998,164.418533,2423100
2019/8/5,168.949997,169.020004,164.419998,158.788483,2894700
2019/8/6,164.820007,165.479996,162.899994,157.824432,3494800
2019/8/7,162,163.949997,158.039993,157.756927,5993200
2019/8/8,164.369995,165.490005,163.550003,158.316086,3260100
2019/8/9,164.539993,164.75,162.029999,157.593048,1582100
2019/8/12,163.020004,164.779999,161.550003,156.272308,1446300
2019/8/13,162.559998,167.880005,162.149994,158.952362,3244600
2019/8/14,162.5,162.869995,158.669998,153.100586,4056100
2019/8/15,158.059998,159.699997,155.630005,152.584961,4452700
2019/8/16,157.839996,161.910004,157.449997,157.11853,3481800
2019/8/19,163.710007,163.949997,161.779999,158.52919,3198000
2019/8/20,163.110001,163.110001,160.960007,156.64183,2061700
2019/8/21,162.690002,163.649994,161.050003,156.77803,1623600
2019/8/22,162,162.929993,160.149994,156.515381,1441600
2019/8/23,160.080002,160.350006,155.270004,151.621826,4223900
2019/8/26,157.009995,157.470001,155.080002,151.884491,2215300
2019/8/27,157.330002,157.479996,155.399994,151.524521,2281100
2019/8/28,155.100006,157.779999,154,153.275711,2346900
2019/8/29,159.300003,161.029999,159.050003,156.00946,3170500
2019/8/30,161.570007,162.149994,160.410004,157.332565,1967000
2019/9/3,161.399994,161.630005,157.259995,154.336121,1835800
2019/9/4,159.830002,160.630005,158.990005,155.727341,1506600
2019/9/5,162.5,166.410004,162.389999,159.774475,2421400
2019/9/6,164.639999,164.880005,162.949997,159.492355,1762300
2019/9/9,165,167.850006,164.690002,161.438095,3091300
2019/9/10,166.160004,169.100006,166.009995,164.278854,3240200
2019/9/11,169.860001,169.889999,165.369995,163.520035,3579100
2019/9/12,169.619995,171.850006,168.610001,165.952194,2870400
2019/9/13,170.589996,172.479996,169.860001,166.788879,2534200
2019/9/16,171.210007,171.210007,167.910004,165.066895,2459300
2019/9/17,167.759995,168.570007,166.5,163.5103,2716400
2019/9/18,167.610001,168.050003,165.25,162.897385,2096700
2019/9/19,167.389999,168.809998,166.910004,162.537445,1623000
2019/9/20,167.429993,169.169998,166.479996,162.235825,3698900
2019/9/23,165.490005,167.429993,164.5,162.235825,1938600
2019/9/24,167.050003,167.550003,164.160004,160.270645,2986800
2019/9/25,164.759995,164.979996,163.690002,159.55072,2758200
2019/9/26,164,164.410004,162.800003,159.38533,2763300
2019/9/27,164.479996,165.639999,163.520004,160.06633,2870300
2019/9/30,165.210007,165.570007,163.940002,159.939865,2508500
2019/10/1,165,165.210007,158.169998,154.083191,3271500
2019/10/2,157.059998,157.220001,154.630005,151.427246,2972300
2019/10/3,155.139999,155.460007,150.809998,151.018631,3025700
2019/10/4,155.229996,156.050003,154.399994,151.592636,2646400
2019/10/7,155,155.350006,153.520004,149.355042,2471200
2019/10/8,152.330002,152.800003,150.580002,146.650467,2781800
2019/10/9,152.339996,152.440002,150.789993,146.893677,3358600
2019/10/10,150.949997,153.089996,150.869995,148.177841,3192000
2019/10/11,154.130005,159.600006,154.110001,153.810791,4670200
2019/10/14,158.039993,162.389999,157.339996,156.155396,3269800
2019/10/15,159.350006,164.020004,159.350006,158.558395,3098600
2019/10/16,163.100006,164.199997,162.119995,157.780075,1935200
2019/10/17,163.139999,165.490005,163.080002,159.10318,1944600
2019/10/18,163.559998,164.270004,162.979996,158.67514,2693700
2019/10/21,165.470001,166.149994,164.759995,161.438095,1998600
2019/10/22,166.270004,168.910004,165.100006,162.994659,2064000
2019/10/23,167.410004,168.759995,166.559998,164.18158,2712300
2019/10/24,165.160004,165.25,159.630005,157.497955,5953300
2019/10/25,162.509995,167.630005,162.130005,161.584,3104700
2019/10/28,166.479996,169.710007,166.199997,164.473434,3138000
2019/10/29,168.029999,169.949997,167.509995,164.230209,2669200
2019/10/30,168.229996,168.570007,167.029999,163.802155,1780100
2019/10/31,168.509995,168.559998,163.550003,160.513855,2653100
2019/11/1,166.940002,170.149994,166.720001,165.475494,2467400
2019/11/4,171.619995,175,171.619995,170.154999,4142800
2019/11/5,175,175.460007,173.770004,170.514969,2304300
2019/11/6,174.910004,175,172.360001,169.279419,3012900
2019/11/7,175.729996,176.710007,173.789993,169.785324,3358800
2019/11/8,174.580002,174.869995,172.110001,168.452469,1615600
2019/11/11,172.5,172.5,169.649994,165.494949,2664300
2019/11/12,170.360001,172.070007,170.029999,166.205139,1740400
2019/11/13,170.110001,171.389999,169.580002,165.923019,1638800
2019/11/14,169.979996,172.320007,169.929993,166.292694,1613900
2019/11/15,171.660004,172.690002,171.039993,167.216949,2616900
2019/11/18,170.789993,171.199997,169.169998,165.913284,2364600
2019/11/19,171.720001,171.720001,169.529999,166.049469,1791800
2019/11/20,169.789993,170,167.149994,163.21843,2689500
2019/11/21,166.880005,167,164.509995,162.050705,3605700
2019/11/22,165.5,167.75,165,164.464676,3268300
2019/11/25,168.470001,170.360001,167.869995,167.055298,2761900
2019/11/26,169.800003,170.25,168.710007,166.064178,2610900
2019/11/27,170,171.369995,169.509995,167.418365,1331500
2019/11/29,170.429993,170.580002,169.259995,166.594086,942500
2019/12/2,170.160004,171.699997,168.240005,165.122147,2342200
2019/12/3,166.5,166.600006,164.399994,162.080124,2702000
2019/12/4,166.419998,168.869995,166,164.01329,2139200
2019/12/5,167.220001,167.869995,162.720001,161.29509,3309300
2019/12/6,167.25,171.990005,167.25,168.262283,3880000
2019/12/9,169.399994,171.259995,168.789993,166.652954,2058200
2019/12/10,169.130005,169.389999,166.970001,164.52356,2670500
2019/12/11,168.380005,168.839996,167.330002,165.583359,1859000
2019/12/12,166.729996,170.850006,166.330002,165.406723,2872400
2019/12/13,169.619995,171.119995,168.080002,165.632416,2098000
2019/12/16,168.940002,170.830002,168.190002,167.555756,2917200
2019/12/17,170.350006,171.789993,169.210007,166.751083,2672600
2019/12/18,169.779999,170,168.190002,165.86792,2270400
2019/12/19,169.619995,172.580002,169.149994,168.92955,2757600
2019/12/20,174.789993,175.470001,172.199997,172.08931,7513000
2019/12/23,176.710007,179.179993,176.559998,175.131332,4876300
2019/12/24,178.270004,178.669998,176.039993,173.374802,1259500
2019/12/26,176.449997,176.660004,175.5,173.286499,1435200
2019/12/27,176.649994,177.539993,175.619995,173.943954,1472900
2019/12/30,177.259995,178.960007,175.589996,172.54071,1715100
